ID,Gender,Age,Education,Marital_Status,Income,KidAge,Familysize,Recency
5524,Female,57,Graduation,Single,58138,,1,58
2174,Male,60,Graduation,Single,46344,35,3,38
4141,Male,49,Graduation,Together,71613,,2,26
6182,Male,30,Graduation,Together,26646,5,3,26
5324,Female,33,PhD,Married,58293,8,3,94
7446,Female,47,Master,Together,62513,22,3,16
965,Female,43,Graduation,Divorced,55635,18,2,34
6177,Male,29,PhD,Married,33454,4,3,32
4855,Male,40,PhD,Together,30351,15,3,19
5899,Male,64,PhD,Together,5648,39,4,68
1994,Female,31,Graduation,Married,,6,3,11
387,Male,38,Basic,Married,7500,,2,59
2125,Male,55,Graduation,Divorced,63033,,1,82
8180,Female,62,Master,Divorced,59354,37,3,53
2569,Female,27,Graduation,Married,17323,,2,38
2114,Female,68,PhD,Single,82800,,1,23
9736,Female,34,Graduation,Married,41850,9,4,51
4939,Female,68,Graduation,Together,37760,,2,20
6565,Female,65,Master,Married,76995,40,3,91
2278,Female,29,2n Cycle,Single,33812,4,2,86
9360,Male,32,Graduation,Married,37040,,2,41
5376,Female,35,Graduation,Married,2447,10,3,42
1993,Female,65,PhD,Married,58607,40,3,63
4047,Female,60,PhD,Married,65324,35,3,0
1409,Female,63,Graduation,Together,40689,38,3,69
7892,Male,45,Graduation,Single,18589,,1,89
2404,Female,38,Graduation,Married,53359,13,4,4
5255,Female,28,Graduation,Single,,3,2,19
9422,Male,25,Graduation,Married,38360,0,3,26
1966,Female,49,PhD,Married,84618,,2,96
6864,Male,25,Master,Divorced,10979,,1,34
3033,Female,51,Master,Together,38620,,2,56
5710,Female,44,Graduation,Together,40548,19,3,31
7373,Male,62,PhD,Divorced,46610,37,3,8
8755,Male,68,Master,Married,68657,,2,4
10738,Male,63,Master,Single,49389,38,3,55
4339,Female,44,PhD,Married,67353,19,3,37
10755,Female,38,2n Cycle,Married,23718,13,3,76
8595,Male,41,Graduation,Widow,42429,16,3,99
2968,Female,71,PhD,Divorced,48948,,1,53
8601,Female,34,Graduation,Married,80011,9,3,3
503,Female,29,Master,Married,20559,4,3,88
8430,Female,57,Graduation,Together,21994,32,3,4
7281,Male,55,PhD,Single,,,1,80
2139,Female,39,Master,Married,7500,14,3,19
1371,Male,38,Graduation,Single,79941,,1,72
9909,Female,18,2n Cycle,Married,7500,,2,24
7286,Female,46,Graduation,Together,41728,21,3,92
7244,Female,63,Graduation,Single,,38,4,96
6566,Female,60,PhD,Married,72550,35,4,39
8614,Male,57,Graduation,Widow,65486,32,3,29
4114,Male,50,Master,Married,79143,,2,2
1331,Male,37,Graduation,Single,35790,12,2,54
2225,Male,37,Graduation,Divorced,82582,,1,54
9381,Male,36,Graduation,Married,66373,11,4,57
6260,Male,59,Master,Together,82384,,2,55
10383,Female,48,Graduation,Divorced,70287,,1,30
7437,Female,26,Graduation,Single,27938,1,2,31
8557,Female,32,Graduation,Single,,7,2,57
8375,Female,46,PhD,Married,55954,21,3,63
6853,Female,32,Master,Single,75777,,1,12
3076,Female,39,Graduation,Together,66653,14,4,18
1012,Male,62,Graduation,Single,61823,37,2,26
6518,Female,63,PhD,Widow,67680,38,3,8
4137,Female,66,Graduation,Together,70666,,2,29
8082,Female,43,Graduation,Married,25721,18,3,75
1386,Female,47,Graduation,Together,32474,22,4,0
9369,Male,35,2n Cycle,Single,88194,10,2,19
4477,Female,56,Graduation,Together,69096,31,3,4
1357,Male,44,Graduation,Together,74854,19,5,90
1402,Male,60,Master,Married,66991,,2,1
10629,Female,41,2n Cycle,Married,,16,3,25
6312,Female,55,Graduation,Married,65031,30,3,29
8132,Male,39,PhD,Married,60631,14,4,88
1050,Male,62,Graduation,Married,28332,,2,58
5846,Male,37,Graduation,Divorced,40246,12,2,68
1859,Male,42,Master,Married,75251,,2,34
7503,Female,38,Graduation,Single,75825,,1,40
10401,Female,38,2n Cycle,Together,26326,,2,12
1618,Female,49,Graduation,Together,56046,,2,9
3332,Male,29,Graduation,Single,29760,4,2,87
2261,Male,45,Graduation,Married,26304,20,3,5
5346,Female,41,2n Cycle,Married,23559,16,3,87
4119,Female,51,Master,Together,38620,,2,56
535,Female,27,Graduation,Divorced,81361,,1,18
5268,Female,54,Graduation,Married,29440,29,4,95
273,Male,44,Master,Married,36138,19,4,48
4452,Male,57,Graduation,Single,50388,32,2,3
8504,Male,41,Graduation,Married,79593,,2,70
771,Female,47,Graduation,Together,54178,22,3,79
8996,Female,57,PhD,Married,,32,5,4
9235,Male,57,Graduation,Single,,32,3,45
5798,Male,41,Master,Together,,,2,87
11178,Male,42,Master,Single,42394,17,2,69
2230,Male,44,PhD,Married,23626,19,3,84
7516,Female,31,Graduation,Married,30096,6,3,30
7247,Female,54,Graduation,Widow,47916,29,3,72
11100,Female,42,Graduation,Divorced,51813,17,3,37
4646,Female,63,2n Cycle,Married,78497,,2,44
3037,Female,31,PhD,Married,50150,,2,32
1473,Female,54,2n Cycle,Single,47823,29,2,0
1016,Male,55,PhD,Single,34554,30,2,43
4518,Female,35,Graduation,Together,85693,10,3,59
9370,Female,69,PhD,Married,65846,,2,68
8908,Male,55,Graduation,Married,87195,,2,35
8373,Female,35,Basic,Together,24594,10,3,94
7533,Female,50,Graduation,Married,49096,25,4,15
2683,Male,45,Graduation,Married,52413,20,4,56
3629,Female,36,Graduation,Single,38557,11,2,17
10991,Female,54,Master,Married,89058,,2,18
5077,Female,35,Graduation,Together,77298,10,3,46
7431,Female,23,PhD,Single,68126,,1,40
3267,Male,51,Master,Together,57288,26,3,27
999,Male,23,Graduation,Single,86037,,1,95
9215,Male,34,PhD,Married,43974,9,3,19
2286,Male,52,Graduation,Single,50785,27,3,27
1592,Male,44,Graduation,Married,90765,,2,25
367,Female,36,2n Cycle,Married,36550,11,3,74
5234,Male,47,2n Cycle,Together,30753,22,4,85
9862,Female,45,Graduation,Together,21918,20,3,37
9805,Male,61,Master,Together,56129,36,3,65
6205,Male,47,Master,Single,32557,22,2,13
8442,Female,29,Master,Married,19510,4,4,63
7386,Female,38,Graduation,Divorced,30992,13,2,83
7215,Female,31,Graduation,Single,101970,,1,69
1491,Female,49,2n Cycle,Together,71488,,2,87
11071,Male,30,Graduation,Single,79607,,1,37
3381,Male,61,Master,Married,54348,36,4,51
8268,Female,53,PhD,Married,,28,3,23
11051,Female,58,PhD,Together,77376,33,4,72
8026,Female,62,Graduation,Married,62998,37,3,10
433,Female,56,Master,Alone,61331,31,4,42
9597,Female,45,Graduation,Married,73448,,2,10
1295,Female,51,Graduation,Married,,26,3,96
5290,Male,50,PhD,Married,41551,25,4,51
1685,Female,47,PhD,Together,62981,,2,21
5342,Female,38,Basic,Divorced,9548,13,2,31
9579,Male,55,PhD,Married,33762,30,5,61
7660,Female,41,PhD,Alone,35860,16,4,37
1461,Male,49,PhD,Divorced,36921,24,3,74
821,Male,22,Master,Single,92859,,1,46
11084,Female,38,Master,Together,65104,13,3,4
8690,Female,52,Graduation,Married,86111,,2,73
2937,Female,40,PhD,Single,68352,15,2,47
9701,Female,26,Graduation,Together,41883,1,3,13
9949,Female,38,Graduation,Married,59809,13,4,36
10837,Male,39,Graduation,Married,23957,14,3,47
3120,Female,33,Graduation,Together,38547,8,3,49
5885,Female,41,2n Cycle,Married,35688,16,5,94
4050,Female,48,Master,Married,49605,,2,65
3830,Male,61,Master,Married,59354,36,4,59
7987,Female,45,Graduation,Married,65747,20,3,96
7798,Female,42,2n Cycle,Together,46344,17,3,28
92,Female,26,Graduation,Alone,34176,1,3,12
7055,Male,62,PhD,Together,61010,37,3,57
10240,Female,65,Graduation,Together,69372,,2,10
3025,Male,56,Graduation,Single,49967,31,2,4
9283,Male,36,Graduation,Single,60199,11,4,49
9970,Female,37,Graduation,Together,55375,12,3,3
2730,Male,59,Graduation,Single,80317,,1,64
2795,Female,56,Master,Single,30523,31,4,0
9260,Male,69,PhD,Married,70356,,2,20
8182,Male,30,Graduation,Married,23228,5,3,91
10095,Female,39,PhD,Divorced,74165,,1,9
8475,Female,41,PhD,Married,157243,16,3,98
4370,Male,48,Graduation,Together,43482,23,5,83
10573,Female,61,Graduation,Divorced,62551,,1,27
3712,Female,55,Graduation,Divorced,52332,,1,63
6637,Female,26,Graduation,Single,66951,,1,46
3152,Male,57,Graduation,Together,26091,32,4,84
5610,Male,49,Graduation,Together,33456,24,4,58
6460,Female,32,Graduation,Married,28718,7,3,78
1349,Female,44,Graduation,Married,50447,19,4,4
1880,Female,55,PhD,Together,53537,30,4,17
641,Male,47,Graduation,Single,52074,22,2,77
8717,Female,39,PhD,Married,80427,14,3,56
10314,Male,66,PhD,Married,83837,,2,79
10854,Female,44,PhD,Married,38853,19,4,90
10492,Male,55,Graduation,Together,38285,30,5,96
6935,Female,63,2n Cycle,Married,78497,,2,44
7698,Female,38,PhD,Married,51650,13,3,81
3559,Female,26,2n Cycle,Married,16248,1,3,77
10562,Male,68,Master,Married,66835,,2,21
10796,Male,30,Master,Married,30477,5,3,16
2563,Female,53,Basic,Married,28249,,2,80
3518,Male,31,Graduation,Married,25271,6,3,45
5823,Male,44,PhD,Single,32303,19,2,63
3934,Male,48,Graduation,Married,61286,23,3,34
6982,Female,38,Graduation,Married,74068,,2,14
6431,Female,50,PhD,Married,45759,25,4,13
9733,Female,36,Basic,Together,24882,11,3,52
5602,Male,25,PhD,Together,66973,,2,98
7829,Male,114,2n Cycle,Divorced,36640,89,2,99
1324,Male,26,Graduation,Married,38872,1,3,93
326,Female,41,Graduation,Married,51148,16,4,38
7224,Female,37,Graduation,Married,31353,12,4,24
6999,Male,34,Master,Married,69661,,2,80
9938,Male,60,Graduation,Married,80067,,2,82
6422,Male,60,Graduation,Married,86718,,2,20
3182,Male,41,PhD,Single,46854,16,3,81
7300,Male,62,Graduation,Divorced,69142,37,2,50
10424,Female,46,Graduation,Single,75922,,1,60
8727,Female,36,Graduation,Divorced,63693,11,2,63
2798,Male,37,PhD,Together,102160,,2,54
1030,Male,49,PhD,Single,40637,24,3,72
624,Female,30,Master,Single,18890,,1,5
5176,Female,26,Graduation,Together,29604,1,3,88
5552,Male,51,Master,Divorced,48721,26,3,50
868,Female,48,Graduation,Married,44794,23,3,99
380,Female,60,Graduation,Divorced,64497,35,2,17
2677,Female,58,Graduation,Together,46097,33,3,11
6521,Male,60,Graduation,Together,77972,,2,18
6927,Male,46,PhD,Married,44377,21,4,70
2877,Female,40,Master,Together,46014,15,4,21
0,Male,29,Graduation,Married,70951,,2,66
1584,Female,37,Graduation,Married,41443,12,3,79
7264,Female,36,2n Cycle,Single,52195,11,4,2
6274,Male,66,Master,Married,83790,,2,81
1377,Male,60,Master,Widow,44551,35,3,24
454,Male,34,Graduation,Together,69508,9,3,48
1755,Male,26,2n Cycle,Together,45204,1,3,93
2075,Male,45,Graduation,Married,72460,,2,56
4785,Female,44,PhD,Together,77622,19,4,3
9076,Female,34,PhD,Married,30732,9,3,44
7079,Female,52,Graduation,Divorced,63887,27,2,38
4653,Female,36,Graduation,Together,42011,11,3,46
7375,Male,38,Graduation,Together,51369,13,3,84
709,Female,62,Graduation,Divorced,51537,37,2,27
460,Male,42,PhD,Married,79930,,2,72
3726,Male,28,PhD,Together,34320,3,3,66
6798,Male,48,Graduation,Single,37070,23,3,30
5341,Female,52,2n Cycle,Divorced,81975,27,2,2
1606,Male,43,Graduation,Together,38590,18,3,65
9617,Female,63,Graduation,Single,15033,,1,37
3233,Female,49,PhD,Married,62745,24,3,89
89,Male,39,2n Cycle,Married,22212,14,3,49
2936,Female,32,Master,Together,23661,7,3,46
9449,Female,56,PhD,Single,79761,31,2,32
7297,Male,41,Graduation,Single,7500,16,2,54
11004,Female,121,2n Cycle,Single,60182,96,2,23
313,Male,46,Graduation,Widow,73455,,2,98
9940,Male,56,Graduation,Together,64961,31,3,97
10735,Male,43,Graduation,Single,22804,18,2,75
9529,Female,24,Graduation,Married,73687,,2,8
6439,Female,56,Graduation,Married,61074,31,3,37
7411,Male,50,PhD,Married,31686,25,4,31
2176,Female,42,Graduation,Married,80134,17,3,40
9265,Male,61,Graduation,Married,75027,36,3,74
8867,Male,26,PhD,Married,67546,,2,90
8932,Male,45,Master,Together,65176,20,3,57
10236,Female,39,Master,Single,31160,14,2,59
6340,Female,29,Graduation,Single,29938,4,2,52
10089,Male,40,Graduation,Divorced,102692,,1,5
2227,Female,56,2n Cycle,Together,26490,,2,92
10992,Female,47,Graduation,Together,75702,22,4,77
5304,Male,40,PhD,Single,30899,15,2,35
309,Male,53,PhD,Together,63342,28,3,48
3406,Male,50,Graduation,Single,45989,25,2,97
2661,Male,50,Graduation,Single,18701,25,3,95
3153,Female,57,PhD,Single,40737,32,4,24
10264,Male,35,Graduation,Divorced,15287,10,2,60
1184,Male,46,PhD,Divorced,69674,21,3,46
4200,Female,44,Master,Married,44159,19,3,85
9396,Female,36,PhD,Married,37717,11,3,31
2387,Male,62,Master,Together,43776,37,4,9
6690,Male,48,Master,Married,38179,23,4,30
1225,Male,51,Graduation,Married,80124,,2,47
9703,Male,44,PhD,Married,38097,19,4,70
291,Female,44,Graduation,Married,72940,,2,13
4557,Female,44,Graduation,Together,22070,19,3,11
2379,Male,61,Graduation,Single,69267,,1,31
5726,Male,31,Master,Single,31788,6,2,15
3066,Male,39,PhD,Together,61905,14,3,2
6336,Male,54,Graduation,Married,29315,29,4,55
10967,Female,51,Graduation,Divorced,33378,26,3,38
2304,Female,51,PhD,Together,66313,26,3,86
3445,Male,58,Graduation,Single,60714,,1,56
7828,Male,33,Master,Together,77882,,2,29
3762,Male,28,PhD,Single,69867,,1,30
4391,Male,46,Master,Divorced,63841,21,2,64
4669,Male,33,Basic,Married,24480,8,3,46
10144,Female,38,Graduation,Together,51369,13,3,84
8652,Female,68,Graduation,Together,37760,,2,20
1672,Female,40,PhD,Together,65640,15,3,74
8962,Male,39,Master,Married,44319,14,4,18
9974,Female,40,Graduation,Married,30631,15,3,75
10983,Female,62,Graduation,Together,75278,,2,17
8148,Female,58,Master,Together,50898,33,4,88
10102,Female,48,Graduation,Widow,79946,,2,19
4697,Male,65,Master,Divorced,35416,,1,62
9262,Female,30,2n Cycle,Together,32414,,2,11
7254,Female,45,Graduation,Together,38361,20,3,74
4543,Male,34,Graduation,Married,82497,,2,32
4927,Female,43,Graduation,Together,16626,18,4,76
10451,Female,49,Graduation,Together,29672,24,4,6
2926,Female,62,Master,Together,55951,37,3,62
2874,Male,26,2n Cycle,Divorced,35388,1,2,20
9738,Female,28,Master,Together,42386,3,3,43
7119,Male,32,Graduation,Single,68627,,1,45
3924,Female,49,PhD,Divorced,57912,24,2,34
5827,Female,56,Graduation,Divorced,35246,31,3,53
5596,Female,58,2n Cycle,Together,58821,33,3,44
10812,Female,36,PhD,Married,46377,11,3,89
1717,Male,26,Graduation,Single,39747,1,2,43
9491,Male,30,Graduation,Together,23976,5,3,68
9274,Male,53,Master,Married,80950,,2,44
6609,Female,48,Graduation,Widow,27038,,2,64
6963,Female,67,Graduation,Single,77457,,1,85
4440,Male,50,Master,Married,64100,25,3,93
1379,Female,22,Master,Together,42670,,2,12
10032,Female,38,Graduation,Divorced,12571,13,2,86
2826,Female,47,Graduation,Married,22574,22,5,28
2437,Female,25,Graduation,Married,,,2,69
6320,Male,38,Master,Single,70893,,1,42
3050,Male,48,Graduation,Married,54198,23,4,13
231,Male,58,Master,Together,28839,33,4,86
2392,Female,42,Graduation,Married,40321,17,4,59
9478,Female,29,Graduation,Single,66503,4,2,30
113,Female,63,Graduation,Married,30833,38,4,33
2863,Female,44,Graduation,Single,,19,4,67
1802,Female,43,Graduation,Married,64795,18,3,23
520,Male,40,Graduation,Married,34421,15,3,81
8275,Male,49,PhD,Divorced,47025,24,3,6
9750,Female,53,PhD,Divorced,64325,28,2,41
2607,Male,61,Graduation,Single,40464,36,2,78
7214,Male,57,Graduation,Married,62187,,2,49
5835,Male,38,PhD,Divorced,14849,13,2,39
3896,Male,30,Graduation,Married,27255,5,3,3
10350,Female,64,PhD,Married,54432,39,5,37
7786,Female,28,PhD,Single,29999,3,2,22
2861,Female,31,Graduation,Single,24072,6,2,79
663,Male,25,PhD,Single,33996,,1,46
10675,Female,58,PhD,Married,66334,33,3,82
2521,Female,43,Master,Married,35178,18,3,10
9592,Female,31,Graduation,Together,22010,6,3,51
10151,Female,54,Graduation,Divorced,62204,29,3,38
7381,Male,46,Graduation,Divorced,75693,,1,10
4099,Male,42,Graduation,Married,30675,17,3,14
9560,Female,49,Graduation,Together,83003,,2,18
1150,Female,115,PhD,Together,83532,,2,36
10172,Female,26,Graduation,Single,68655,,1,95
11191,Female,28,Graduation,Divorced,41411,,1,11
9707,Female,45,PhD,Married,55212,20,3,65
6245,Female,64,PhD,Together,59292,39,3,71
8234,Female,41,Basic,Together,27190,16,3,13
1411,Male,62,Graduation,Divorced,82623,,1,58
8553,Male,49,Graduation,Married,44300,24,4,65
1826,Female,44,Graduation,Divorced,84835,,1,0
8842,Female,43,Graduation,Widow,30372,18,4,33
11030,Male,38,Master,Married,33181,13,3,90
2579,Female,57,Graduation,Married,71113,32,3,95
175,Male,28,Graduation,Married,71952,3,3,93
9185,Male,48,PhD,Single,69759,,1,38
11056,Female,40,Graduation,Married,72099,,2,18
9365,Female,38,PhD,Single,60000,13,2,57
6201,Male,36,Graduation,Single,38643,11,3,45
2061,Female,59,Graduation,Married,50737,34,3,61
6184,Male,45,PhD,Married,68462,,2,6
6142,Male,71,Master,Married,65073,,2,65
4107,Male,66,PhD,Together,46681,41,4,52
7274,Female,57,Graduation,Married,78618,,2,87
9336,Male,45,PhD,Widow,62187,20,3,38
2958,Female,36,Graduation,Married,28442,11,4,53
933,Female,36,PhD,Married,37717,11,3,31
5837,Male,47,Graduation,Married,51479,22,4,67
10704,Female,45,Graduation,Single,54803,20,2,65
5125,Male,54,Graduation,Married,79530,,2,64
4432,Male,38,Graduation,Divorced,31615,13,2,82
5955,Female,52,Graduation,Together,72025,,2,27
2928,Female,39,PhD,Single,52614,14,2,63
5680,Female,30,2n Cycle,Married,35684,5,3,66
10313,Female,39,Graduation,Married,48178,14,4,69
2557,Female,44,Master,Single,29548,19,2,52
1245,Male,48,Graduation,Single,63810,23,2,45
1519,Female,42,PhD,Single,38578,17,3,2
10703,Female,39,Master,Single,46098,14,3,86
1726,Male,44,Graduation,Single,22585,,1,23
4459,Female,25,Graduation,Single,30279,0,2,13
1729,Male,53,PhD,Together,66426,28,3,14
1517,Female,45,Graduation,Single,30822,20,2,92
2098,Female,45,PhD,Married,33581,20,4,38
9543,Male,29,Graduation,Married,19986,4,3,74
6878,Male,60,Graduation,Widow,27421,,2,14
3310,Male,41,2n Cycle,Married,35688,16,5,94
2724,Male,33,Master,Single,36143,8,2,33
948,Male,43,Graduation,Single,10245,18,2,32
6720,Female,46,Master,Together,43795,21,3,11
6202,Female,54,Graduation,Together,63381,29,3,78
2066,Male,65,Graduation,Together,38823,40,3,56
9799,Male,46,PhD,Divorced,83664,21,3,57
8318,Male,35,Graduation,Together,90300,,2,7
5642,Female,35,Master,Together,62499,10,3,0
2669,Female,21,Graduation,Single,74293,,1,66
455,Male,68,PhD,Married,51012,,2,86
7683,Female,46,Master,Married,70777,21,3,80
3428,Male,23,PhD,Together,68682,,2,56
7414,Male,43,Graduation,Married,43824,18,4,18
6354,Female,30,Graduation,Together,15345,5,3,51
798,Male,27,Graduation,Single,23442,2,2,71
8213,Male,34,2n Cycle,Together,14515,9,3,71
2488,Female,58,2n Cycle,Divorced,31395,33,3,80
9999,Male,49,Graduation,Together,75276,,2,2
7617,Female,40,Graduation,Single,42373,15,3,83
615,Male,54,Graduation,Together,30507,,2,29
2552,Female,59,PhD,Single,55521,34,4,11
194,Male,49,Graduation,Married,48006,24,4,55
3645,Female,42,PhD,Single,27213,17,2,19
8890,Female,43,PhD,Divorced,65808,18,3,1
5049,Male,40,PhD,Together,30351,15,3,19
9973,Female,51,Graduation,Married,50437,26,4,28
7301,Female,32,2n Cycle,Single,23616,7,2,76
10882,Male,38,Graduation,Married,53858,13,3,50
7030,Male,59,PhD,Married,66465,34,3,1
7422,Male,27,Graduation,Single,46923,2,2,90
3523,Male,52,Graduation,Together,75072,27,3,83
7106,Female,71,PhD,Married,75865,,2,73
6504,Female,39,2n Cycle,Together,19789,14,3,24
5067,Female,20,Graduation,Together,80134,,2,11
4216,Male,33,Graduation,Single,91065,,1,33
8581,Male,43,Master,Married,49505,18,4,4
5929,Male,41,PhD,Married,37401,16,3,14
3129,Male,31,Graduation,Married,30096,6,3,30
6528,Female,32,Master,Together,18492,7,3,75
1361,Female,40,Master,Married,82584,,2,26
6932,Female,73,PhD,Married,93027,,2,77
7284,Female,61,Graduation,Married,48686,36,5,8
1340,Female,28,Graduation,Married,92910,,2,42
8746,Male,25,Graduation,Married,75433,0,3,28
5987,Female,25,2n Cycle,Together,10404,0,3,52
3767,Female,46,Graduation,Married,61314,21,3,1
3725,Female,53,PhD,Single,84865,,1,1
4324,Male,25,Graduation,Married,42387,0,3,42
238,Male,47,2n Cycle,Together,67309,22,4,76
6694,Female,50,Graduation,Married,75236,25,3,27
498,Female,44,Graduation,Single,30015,19,2,28
9347,Male,58,Master,Together,50943,33,3,49
9699,Female,48,Graduation,Divorced,67272,23,2,12
10664,Male,65,Master,Widow,51529,40,3,14
5455,Male,43,PhD,Married,32011,18,3,89
456,Female,28,2n Cycle,Married,7500,3,3,96
5012,Female,25,Graduation,Married,28691,0,3,56
7495,Male,66,PhD,Married,56223,41,3,72
5029,Female,68,Graduation,Married,18100,,2,14
10642,Female,25,Graduation,Single,30279,0,2,13
2106,Male,40,2n Cycle,Married,20130,,2,99
10364,Male,55,Graduation,Divorced,23295,,1,72
5954,Male,42,Master,Divorced,42618,17,2,92
1137,Male,50,Graduation,Single,81246,,1,87
2541,Female,38,Graduation,Married,24027,13,3,7
1142,Female,61,PhD,Married,55707,36,3,91
2276,Male,59,Graduation,Single,57959,34,2,71
2807,Male,45,Graduation,Married,56796,20,3,24
6471,Female,43,Master,Single,36230,18,2,17
6131,Male,34,2n Cycle,Married,70829,9,4,87
6233,Female,38,Graduation,Married,65991,13,3,21
4148,Female,42,Graduation,Married,38988,17,5,90
4947,Female,48,2n Cycle,Single,89572,,1,44
3225,Female,30,Master,Married,42207,5,3,71
7540,Female,62,Graduation,Married,50300,37,3,52
10648,Female,32,2n Cycle,Together,66664,,2,78
1992,Female,50,Graduation,Married,60597,25,3,2
7851,Male,65,Graduation,Widow,70165,,2,60
8594,Male,56,PhD,Widow,50520,31,3,25
7059,Male,51,Graduation,Married,80124,,2,47
2815,Male,39,Graduation,Married,33183,14,3,46
2416,Female,45,PhD,Single,66582,,1,83
7999,Female,59,PhD,Together,75261,,2,17
9213,Male,44,Graduation,Widow,31880,19,3,13
9697,Female,63,Graduation,Married,53790,38,4,86
3916,Male,43,PhD,Together,49269,18,3,92
2021,Female,39,Graduation,Married,61456,14,3,47
1581,Male,34,Graduation,Married,37406,9,3,18
564,Female,33,PhD,Together,56937,8,3,81
6619,Male,36,Graduation,Married,38415,11,4,91
9081,Female,26,Graduation,Single,20518,1,2,58
178,Male,58,Graduation,Married,62503,33,3,40
916,Female,42,PhD,Single,41644,17,3,67
5512,Male,37,Master,Married,55842,12,3,19
8970,Male,42,PhD,Married,62010,17,3,93
10581,Female,37,Graduation,Married,41124,12,3,41
5300,Male,41,Master,Married,38961,16,3,60
5154,Male,42,Master,Divorced,37760,17,2,54
8346,Female,40,Graduation,Single,32233,15,2,26
1676,Male,39,Graduation,Married,43057,14,3,30
9286,Male,54,Master,Together,83151,,2,93
2426,Male,50,PhD,Divorced,78825,,1,35
5172,Female,38,Master,Together,65104,13,3,4
5562,Female,40,Graduation,Married,60093,15,3,92
3436,Male,45,Graduation,Married,14045,20,3,24
3921,Male,62,2n Cycle,Widow,28457,,2,96
3403,Female,56,PhD,Together,78952,31,3,11
22,Male,38,Graduation,Divorced,46310,13,2,99
10965,Female,59,Graduation,Together,76005,,2,72
9426,Female,50,Master,Single,58308,25,2,77
6605,Female,70,PhD,Divorced,55614,,1,85
3136,Female,52,Master,Divorced,59432,27,2,88
8737,Male,36,Graduation,Divorced,55563,11,2,22
11088,Female,43,PhD,Together,78642,18,3,83
716,Male,65,PhD,Together,67911,40,3,63
466,Male,70,Graduation,Married,65275,,2,9
9135,Male,64,Graduation,Together,27203,39,4,92
10623,Female,53,Master,Together,48330,28,3,2
8151,Female,24,Basic,Married,24279,,2,6
5140,Male,29,PhD,Married,64355,4,3,66
10160,Male,58,Master,Together,50943,33,3,49
4945,Female,61,Graduation,Widow,53653,,2,29
10584,Male,38,Graduation,Married,65665,13,3,77
6071,Male,25,Graduation,Single,81217,,1,77
3386,Male,22,Graduation,Married,34935,,2,71
8939,Male,55,Graduation,Divorced,61250,30,2,49
9925,Male,33,PhD,Together,39665,8,3,97
4320,Female,35,Graduation,Single,60152,10,2,6
5389,Male,50,Graduation,Married,48920,25,4,93
6036,Male,55,Master,Together,89120,,2,78
182,Female,68,PhD,Together,44124,43,3,62
203,Female,39,Master,Single,81169,,1,47
11025,Female,53,Graduation,Married,36443,28,4,9
10203,Male,24,Graduation,Single,26095,-1,2,77
4607,Male,55,Graduation,Together,71367,,2,24
3711,Female,70,Master,Married,80184,,2,19
3696,Male,49,Graduation,Divorced,30630,24,3,67
2532,Female,27,Master,Single,73454,,1,95
9214,Male,23,Graduation,Married,42691,,2,48
4943,Male,61,Graduation,Married,70503,,2,73
35,Male,27,Graduation,Married,25545,2,3,35
2258,Female,28,Graduation,Married,32880,3,3,76
4322,Female,56,PhD,Together,77863,,2,20
713,Female,37,Master,Married,50353,,2,72
4702,Female,50,Graduation,Single,61839,,1,20
3281,Male,54,PhD,Married,49154,29,4,69
702,Male,39,2n Cycle,Widow,47682,14,3,80
2004,Male,45,Graduation,Single,72679,20,2,65
4769,Male,37,Master,Together,57954,12,4,52
4437,Male,52,Graduation,Married,65316,27,4,65
8724,Male,32,Graduation,Single,28567,7,2,57
10741,Male,63,Master,Together,47352,38,3,70
1991,Male,47,Graduation,Together,44931,22,3,0
6931,Female,47,Graduation,Divorced,76982,,1,19
11096,Female,62,2n Cycle,Together,57247,37,3,50
304,Female,33,Master,Single,22944,8,2,67
3665,Male,37,2n Cycle,Together,25315,12,3,46
10591,Male,45,Graduation,Widow,43638,20,3,37
5036,Female,30,PhD,Single,42710,5,2,38
5547,Male,32,PhD,Married,84169,,2,9
7822,Male,38,Graduation,Together,54058,13,3,56
8541,Female,24,2n Cycle,Married,24683,-1,3,98
10955,Female,50,Graduation,Widow,85620,,2,68
4368,Male,34,Graduation,Married,47850,9,3,72
9671,Female,46,Graduation,Married,19514,21,4,47
2256,Male,41,Master,Married,27159,16,4,33
4279,Female,51,2n Cycle,Single,39548,26,3,87
5371,Male,25,Graduation,Single,21474,0,2,0
9240,Male,43,PhD,Single,60504,18,2,73
9460,Male,51,Graduation,Married,22419,,2,74
9504,Male,65,Master,Married,81698,,2,4
8692,Female,62,Graduation,Together,43462,37,4,50
448,Female,36,PhD,Single,54880,11,2,57
8314,Female,32,Graduation,Married,79908,,2,30
8420,Male,44,2n Cycle,Married,15315,,2,27
3174,Male,55,Graduation,Together,87771,30,3,61
7685,Male,36,Graduation,Married,33039,11,3,4
3179,Female,34,Graduation,Single,81741,,1,75
9780,Female,43,Master,Together,71499,18,3,12
10681,Female,44,2n Cycle,Married,62466,19,3,13
10232,Female,51,PhD,Divorced,48799,26,2,9
4184,Male,64,PhD,Together,52157,39,3,48
9120,Female,52,Graduation,Single,66565,27,2,80
891,Female,63,Master,Together,29298,38,4,60
10381,Male,35,Graduation,Single,47691,10,2,43
3525,Female,44,Graduation,Together,38200,19,4,19
6818,Female,40,Graduation,Married,44989,15,3,26
3526,Male,46,PhD,Married,38443,21,4,58
8181,Female,36,2n Cycle,Single,38593,11,2,42
1029,Male,44,PhD,Together,64413,19,3,27
7369,Male,33,Master,Married,36959,8,3,56
2574,Male,37,PhD,Married,61996,12,3,27
8159,Female,46,Graduation,Married,51287,21,4,10
1160,Male,44,Graduation,Married,13260,19,4,48
10242,Female,48,PhD,Together,47472,23,4,39
5253,Female,58,Master,Together,54603,33,4,85
5966,Female,40,PhD,Married,45207,15,4,64
5314,Male,63,Graduation,Together,40689,38,3,69
5081,Female,47,2n Cycle,Together,47821,22,4,54
5123,Female,63,Master,Married,27450,,2,57
5756,Male,31,Graduation,Together,39453,6,3,64
8036,Female,43,2n Cycle,Together,26850,18,4,10
9058,Female,59,Graduation,Widow,79800,,2,65
5057,Female,53,Master,Married,61794,28,3,74
254,Female,59,Graduation,Together,53863,34,3,4
4179,Female,55,Graduation,Together,24221,,2,94
3710,Female,30,PhD,Single,39684,5,2,41
7627,Male,39,Master,Married,92163,,2,25
4501,Female,49,Master,Single,69882,,1,94
6424,Female,37,Graduation,Together,33178,12,3,9
3075,Male,42,PhD,Married,59973,,2,47
4992,Female,39,Master,Together,17459,14,3,12
5252,Male,45,Graduation,Divorced,23910,20,2,80
7444,Female,45,Master,Married,42169,20,4,20
6919,Female,36,2n Cycle,Married,26224,11,3,39
3537,Female,33,Graduation,Together,31089,8,3,57
10277,Female,53,Graduation,Single,30081,28,2,27
2453,Female,54,Graduation,Together,62807,29,3,83
7972,Female,59,Graduation,Single,72906,,1,79
895,Female,66,PhD,Married,61467,41,4,69
1177,Female,48,Master,Together,49618,23,4,77
7141,Female,28,Master,Single,21888,3,2,15
7232,Female,41,Graduation,Widow,42429,16,3,99
8477,Female,58,Graduation,Divorced,26150,33,4,61
2457,Female,39,Basic,Married,30801,14,3,23
988,Male,49,Graduation,Married,81168,,2,84
7930,Female,45,Master,Single,26877,,1,74
4587,Male,70,Master,Widow,45006,,2,90
6682,Male,41,Basic,Married,18978,16,3,41
6222,Female,47,Graduation,Married,22574,22,5,28
10299,Male,45,PhD,Single,48240,,1,73
3083,Male,40,Graduation,Married,45837,15,4,88
8953,Female,49,Master,Single,35791,24,4,94
1503,Female,38,PhD,Together,162397,13,4,31
8650,Male,36,Graduation,Widow,54162,11,4,31
10862,Male,54,Master,Married,30522,29,3,6
2782,Female,53,PhD,Married,54456,28,3,23
6941,Female,43,Graduation,Single,31632,,1,92
10972,Female,65,Graduation,Widow,72298,,2,52
10708,Female,36,2n Cycle,Single,36975,11,2,50
6583,Male,59,2n Cycle,Married,72635,,2,54
3641,Female,38,Graduation,Married,13624,13,3,93
10156,Female,39,Graduation,Single,84196,14,2,56
4299,Male,54,Graduation,Together,70971,29,3,28
3469,Female,37,PhD,Divorced,34487,12,3,94
5063,Female,37,Graduation,Single,28769,12,2,76
10727,Male,44,PhD,Married,69084,19,3,43
9624,Male,56,PhD,Together,65488,,2,46
5156,Female,44,2n Cycle,Married,62466,19,3,13
4376,Female,54,2n Cycle,Single,32218,,1,27
8923,Female,41,Graduation,Single,83917,,1,12
8461,Female,52,Graduation,Divorced,46102,27,4,3
6945,Female,62,Graduation,Single,84574,,1,72
944,Female,52,Graduation,Married,56181,27,3,6
1907,Female,64,Master,Divorced,63120,39,2,53
701,Female,43,Graduation,Married,73691,18,3,58
3856,Female,54,Graduation,Together,63381,29,3,78
4149,Female,66,PhD,Together,76140,,2,57
2131,Female,55,PhD,Divorced,62859,30,2,37
2942,Female,50,Graduation,Single,45906,25,2,20
1173,Female,67,Master,Together,77632,,2,73
4381,Male,43,PhD,Married,46463,18,4,56
4611,Male,44,Graduation,Together,105471,,2,36
3376,Male,44,Master,Divorced,55282,19,2,9
4679,Male,37,Master,Married,78710,12,3,42
10928,Female,56,Graduation,Together,66886,31,3,28
4248,Female,54,Master,Single,98777,,1,23
6728,Female,29,Graduation,Together,29103,4,3,38
6661,Male,40,Graduation,Married,67445,15,3,63
4725,Male,64,PhD,Together,50616,39,3,71
3277,Female,59,Graduation,Divorced,49431,34,2,9
5555,Female,39,Graduation,Divorced,153924,,1,81
2564,Female,61,Graduation,Together,61278,36,3,87
946,Female,56,2n Cycle,Together,26490,,2,92
3867,Male,67,PhD,Together,73059,42,3,36
6940,Male,48,PhD,Single,46734,23,4,86
55,Female,51,Graduation,Together,56253,26,3,83
7093,Male,29,Graduation,Married,19986,4,3,74
5084,Male,39,Graduation,Widow,58330,14,3,87
1777,Female,34,Basic,Married,25965,,2,29
8162,Female,58,Master,Together,14661,,2,88
10826,Female,55,Graduation,Married,18690,,2,77
8754,Female,40,PhD,Together,45068,15,3,25
1987,Female,27,Basic,Single,21063,2,2,34
11007,Female,46,PhD,Married,29187,21,3,43
7426,Female,43,2n Cycle,Married,54690,18,4,76
9153,Female,50,PhD,Married,59304,25,3,81
10379,Male,52,Master,Single,59247,27,3,87
9204,Female,44,Graduation,Widow,66731,19,3,33
3197,Female,34,Graduation,Married,77353,9,3,38
2920,Female,39,PhD,Single,52614,14,2,63
6961,Male,40,Graduation,Married,26751,15,4,26
4673,Female,51,PhD,Married,81300,26,3,17
9937,Female,35,Graduation,Single,70337,,1,75
8779,Male,29,2n Cycle,Married,36145,4,3,13
9596,Male,34,PhD,Single,65295,,1,19
2891,Male,51,Graduation,Divorced,68118,26,2,51
4910,Female,47,Graduation,Divorced,68743,,1,81
75,Female,32,2n Cycle,Together,41039,,2,32
10120,Male,59,Graduation,Together,38946,34,3,84
6327,Male,47,Graduation,Together,65777,,2,87
10142,Male,38,PhD,Divorced,66476,13,2,99
9826,Male,42,PhD,Single,86857,,1,96
1501,Female,32,PhD,Married,160803,,2,21
10767,Male,25,PhD,Together,77845,,2,40
7279,Female,45,PhD,Together,69476,,2,3
7230,Female,54,PhD,Divorced,50611,29,2,98
143,Female,44,Graduation,Single,61209,,1,73
450,Female,56,Master,Together,42315,31,3,90
9316,Female,62,Basic,Together,13084,,2,29
6379,Female,65,Master,Widow,47570,40,4,3
9239,Male,53,Master,Married,61923,28,4,94
8315,Female,19,Graduation,Single,34824,,1,65
2868,Male,65,PhD,Single,26518,40,3,33
10888,Female,53,Graduation,Single,45938,,1,46
1277,Female,54,Graduation,Together,78468,,2,29
9977,Female,41,Graduation,Divorced,78901,16,2,99
10196,Female,36,Graduation,Married,71427,11,4,26
6384,Female,36,Graduation,Divorced,71022,11,2,30
8029,Female,26,Master,Single,90247,,1,27
968,Female,46,Master,Divorced,41335,21,2,24
6988,Male,28,Graduation,Married,71952,3,3,93
4472,Female,44,PhD,Divorced,35682,19,2,34
6991,Male,63,Graduation,Divorced,43185,38,2,88
3336,Female,66,PhD,Together,66375,41,3,96
4301,Male,43,Master,Married,35178,18,3,10
1940,Male,28,Graduation,Married,25252,3,3,26
1272,Male,49,Master,Single,55250,24,2,49
1388,Female,39,Graduation,Single,33249,14,2,11
1044,Female,61,Graduation,Together,58398,,2,44
6969,Female,32,Graduation,Together,50272,7,3,75
10479,Male,39,PhD,Married,76618,,2,64
3619,Male,54,2n Cycle,Divorced,87305,,1,19
1715,Male,36,Graduation,Together,25851,11,3,45
10159,Female,44,Graduation,Divorced,58710,19,2,77
1463,Male,56,Graduation,Single,45160,31,3,9
5114,Male,49,Master,Married,74806,24,3,1
4990,Female,60,Graduation,Married,59111,,2,90
4329,Female,30,PhD,Married,18988,5,3,43
10936,Male,49,Graduation,Married,72190,,2,79
4692,Male,38,Graduation,Married,7500,13,3,19
7212,Male,48,Graduation,Married,44794,23,3,99
6086,Female,59,Graduation,Married,80395,,2,62
437,Male,38,Master,Divorced,75012,,1,41
11171,Female,49,Master,Married,56962,24,5,60
11101,Female,23,Graduation,Together,89891,,2,17
5329,Female,65,PhD,Divorced,35946,40,3,24
610,Male,61,PhD,Together,53593,36,4,60
9384,Male,36,Graduation,Married,66373,11,4,57
5956,Female,66,PhD,Divorced,45072,41,4,74
10430,Female,41,Graduation,Divorced,89694,16,3,22
7875,Male,65,Graduation,Married,72025,,2,46
7072,Female,41,Graduation,Married,67432,16,3,69
6255,Male,62,Master,Together,70545,37,3,29
6516,Female,25,Basic,Married,17487,0,3,37
5564,Female,45,Graduation,Together,62882,20,3,26
5682,Female,61,PhD,Single,64108,36,2,8
7458,Female,58,Master,Together,34941,33,4,26
5237,Male,64,PhD,Single,48767,39,4,79
7761,Female,36,2n Cycle,Together,38702,11,3,71
5278,Female,50,Graduation,Married,82224,,2,83
3560,Male,62,Graduation,Together,83844,,2,57
7235,Female,39,2n Cycle,Married,17003,14,3,37
10548,Female,19,Graduation,Single,71163,,1,30
2281,Male,44,Graduation,Single,33697,19,2,34
4073,Male,60,2n Cycle,Married,63564,,2,0
6974,Female,42,PhD,Together,83443,,2,89
7938,Male,56,PhD,Together,51518,31,3,92
7094,Male,39,Graduation,Widow,58330,14,3,87
3667,Female,45,Graduation,Married,80952,,2,20
7723,Female,35,Graduation,Together,75507,,2,56
3870,Male,36,2n Cycle,Together,63855,,2,28
4012,Male,42,PhD,Together,62220,17,3,55
5909,Female,50,Graduation,Married,58512,25,3,25
10470,Male,35,Master,Married,40662,10,3,0
6488,Male,55,PhD,Married,38829,30,3,86
10270,Female,33,2n Cycle,Married,35523,8,3,8
6887,Female,47,Graduation,Single,79146,22,3,33
6406,Female,26,Master,Married,78285,,2,13
7573,Male,36,PhD,Single,31626,11,2,12
4508,Female,62,Graduation,Single,75127,,1,92
221,Male,59,Graduation,Married,48726,34,3,90
5331,Male,37,Graduation,Married,74985,,2,8
1911,Male,27,Graduation,Together,67430,,2,6
20,Female,49,2n Cycle,Married,46891,24,3,91
8786,Male,58,Master,Married,62058,33,3,52
10582,Female,35,Graduation,Married,72063,10,3,3
1915,Male,63,PhD,Married,78939,,2,57
8897,Female,49,Graduation,Single,42720,24,3,9
2371,Female,42,Graduation,Married,33622,17,4,22
4303,Male,57,PhD,Together,6835,32,3,76
6825,Female,61,Graduation,Together,41452,36,4,86
1072,Female,49,PhD,Single,40760,24,2,64
4964,Male,56,PhD,Together,74250,,2,90
2461,Male,59,Master,Single,51124,34,3,79
10736,Male,43,Graduation,Single,72258,18,2,28
3194,Male,40,PhD,Single,71466,,1,86
10839,Female,38,Graduation,Together,36283,13,4,42
49,Female,44,Graduation,Single,20587,19,2,39
4290,Female,42,Graduation,Married,30467,17,3,8
10219,Female,42,Graduation,Together,31590,17,3,40
4211,Male,28,Basic,Married,20425,3,3,5
1135,Male,54,Master,Together,17144,29,4,96
6299,Female,46,PhD,Divorced,42564,21,2,28
10846,Female,36,Master,Married,43783,11,3,22
347,Male,38,Graduation,Divorced,40780,13,2,30
6543,Female,69,Master,Together,62847,,2,45
10446,Male,57,PhD,Married,82017,,2,58
3479,Female,64,Graduation,Single,16813,,1,49
11075,Male,36,Graduation,Married,51267,11,4,37
4442,Female,53,Graduation,Single,46524,28,2,70
199,Male,52,Master,Single,45183,,1,33
6722,Male,60,PhD,Married,70421,35,3,98
796,Male,49,2n Cycle,Divorced,60161,24,2,17
3749,Male,41,Graduation,Together,73926,,2,54
8523,Male,46,Graduation,Married,19329,21,3,39
310,Male,44,Master,Married,61872,19,3,81
8629,Female,58,Graduation,Widow,46984,33,4,71
236,Male,63,Graduation,Married,34838,38,4,62
9930,Male,70,PhD,Single,82716,,1,8
3483,Female,56,Graduation,Married,48192,,2,76
4599,Male,38,Master,Married,49681,13,4,66
7326,Male,43,Master,Married,56850,18,3,83
7352,Male,57,Graduation,Married,55267,32,3,28
2350,Female,42,Graduation,Married,59666,17,4,87
9145,Female,42,Graduation,Single,72504,17,2,43
2964,Male,33,Graduation,Married,26872,,2,0
5585,Male,42,Graduation,Single,21359,17,2,1
9687,Female,39,Graduation,Single,73170,,1,1
3732,Male,59,Master,Married,52750,34,3,72
6303,Male,28,PhD,Together,91820,,2,72
11176,Female,44,PhD,Together,65968,19,3,12
2986,Male,38,Graduation,Married,30772,13,4,89
7462,Female,60,Graduation,Single,22507,,1,67
3900,Female,42,Graduation,Married,65685,17,3,54
7034,Female,36,2n Cycle,Married,25804,11,3,34
9493,Male,34,PhD,Single,76412,,1,15
1143,Female,42,Graduation,Married,22063,17,3,43
1,Female,53,Graduation,Single,57091,,1,0
3855,Female,51,Graduation,Married,22419,,2,74
5536,Female,55,Graduation,Together,87771,30,3,61
5989,Male,55,2n Cycle,Divorced,78353,30,2,51
9499,Female,60,Graduation,Married,93404,35,5,97
6768,Female,52,Graduation,Divorced,37859,27,4,75
2150,Male,56,PhD,Widow,80995,31,3,83
6646,Female,30,Graduation,Together,16529,5,3,23
4887,Female,38,PhD,Divorced,55412,13,3,65
8560,Female,22,Graduation,Single,48789,,1,94
3321,Female,47,PhD,Together,56575,22,4,42
11003,Female,34,2n Cycle,Together,25130,9,3,10
10402,Female,47,Graduation,Married,35441,22,4,94
9904,Female,58,Graduation,Married,71391,33,3,50
6141,Male,42,Master,Single,49494,17,2,46
5687,Female,34,Graduation,Divorced,81702,,1,98
10856,Male,34,2n Cycle,Single,45889,9,2,42
5121,Male,37,Graduation,Single,56628,12,2,30
4186,Female,64,Graduation,Together,34026,39,4,11
368,Male,40,Graduation,Married,40049,15,3,61
3312,Female,26,Graduation,Single,34176,1,2,12
11121,Male,33,Graduation,Married,19419,8,3,76
5332,Female,54,2n Cycle,Married,82504,,2,2
5848,Female,44,Graduation,Together,81205,,2,43
10343,Female,23,2n Cycle,Single,61618,,1,27
5935,Male,58,Master,Single,55284,33,2,60
2895,Female,51,Graduation,Single,49980,26,2,79
10262,Male,34,Graduation,Married,15072,9,4,96
7848,Female,40,Graduation,Single,49166,15,2,17
9477,Male,60,PhD,Married,65324,35,3,0
4856,Female,57,2n Cycle,Married,82347,,2,38
7186,Male,48,PhD,Together,30843,23,4,43
5794,Female,40,PhD,Married,46374,15,3,1
1456,Female,35,Graduation,Single,60474,10,2,25
4877,Female,41,Master,Married,38576,16,3,2
425,Female,29,Graduation,Married,55357,4,4,66
3007,Male,48,Graduation,Together,37758,23,4,49
1031,Female,25,2n Cycle,Married,85710,,2,5
4297,Male,45,Graduation,Together,23228,20,3,71
807,Female,45,Master,Together,44602,20,4,35
9553,Female,27,Graduation,Married,7500,,2,94
4271,Female,25,2n Cycle,Together,38683,0,3,80
4120,Female,39,2n Cycle,Single,49514,14,2,61
2036,Male,41,PhD,Together,57906,16,3,29
115,Female,48,Master,Single,43456,23,2,0
4259,Female,28,Master,Single,19485,3,3,80
8687,Male,36,Graduation,Together,53172,11,3,54
2447,Male,35,Graduation,Together,30545,10,3,71
10140,Female,31,PhD,Together,70123,,2,27
9353,Female,55,Graduation,Single,62450,30,2,61
3623,Male,38,Graduation,Together,21675,13,3,55
738,Female,33,2n Cycle,Single,42395,8,3,35
7631,Female,36,Master,Together,61346,11,3,34
4789,Female,61,Graduation,Together,80812,,2,95
773,Male,43,Master,Divorced,42835,18,3,64
10602,Male,31,Graduation,Married,39922,6,3,30
1446,Female,58,Master,Single,86424,,1,12
3270,Female,36,2n Cycle,Together,17117,11,3,96
8443,Female,42,Graduation,Single,24762,17,2,16
9653,Male,39,Graduation,Married,35797,14,3,16
8916,Female,39,Graduation,Divorced,36627,14,3,78
8017,Female,33,2n Cycle,Married,51111,8,4,83
5830,Male,42,PhD,Single,86857,,1,96
4597,Female,44,PhD,Together,82072,,2,67
7023,Male,61,PhD,Single,46231,36,4,87
8086,Female,55,Graduation,Married,42243,30,4,34
8825,Female,52,Graduation,Together,51195,27,4,46
2930,Female,36,Master,Single,68092,,1,7
1928,Male,41,Graduation,Married,31814,16,3,73
7108,Male,49,Master,Widow,51390,24,4,54
10925,Male,31,Graduation,Married,76630,,2,93
9960,Female,23,Basic,Single,26868,-2,2,52
8800,Male,71,PhD,Divorced,48948,,1,53
9224,Female,42,PhD,Single,55260,17,2,81
5519,Female,58,Graduation,Together,64090,33,3,8
5046,Male,56,Graduation,Divorced,78331,31,2,97
7037,Female,40,PhD,Married,37087,15,3,50
905,Female,28,Graduation,Divorced,21846,3,2,38
8624,Female,56,Graduation,Married,81320,,2,61
8945,Female,44,Graduation,Divorced,54137,19,2,46
6445,Female,47,Graduation,Together,66825,,2,73
2727,Male,41,Graduation,Together,57100,,2,19
6404,Female,45,Graduation,Together,58917,20,5,10
11074,Male,37,Graduation,Single,85072,,1,94
10150,Male,53,Graduation,Single,86429,,1,10
1968,Female,43,Graduation,Widow,45684,18,3,37
6534,Female,40,Graduation,Together,47889,15,3,94
9485,Female,28,PhD,Married,45921,,2,23
7053,Male,48,PhD,Single,78420,,1,75
4654,Female,22,Graduation,Together,75114,,2,40
9760,Male,51,PhD,Widow,52278,26,3,24
1048,Female,42,Master,Married,35641,17,3,11
10619,Male,20,Graduation,Single,95529,,1,29
9308,Female,60,Graduation,Married,62820,,2,51
10505,Female,54,Master,Together,73113,,2,86
8362,Male,32,PhD,Married,84169,,2,9
2625,Male,60,2n Cycle,Single,42607,35,2,30
4637,Female,60,PhD,Single,74637,,1,73
9972,Male,59,PhD,Together,46015,34,4,25
4483,Female,21,Graduation,Single,72354,,1,67
4487,Male,45,Master,Single,39858,20,2,67
4988,Male,66,PhD,Married,34469,41,4,58
8931,Female,28,Graduation,Together,83033,3,3,82
5871,Female,35,Master,Together,24401,,2,98
2008,Female,36,Graduation,Married,77583,,2,93
3139,Female,32,2n Cycle,Single,74116,,1,53
10037,Male,21,Graduation,Single,74293,,1,66
10673,Female,38,PhD,Married,68397,13,3,6
5303,Female,40,PhD,Together,79632,,2,42
538,Male,25,Graduation,Single,46107,0,2,78
7922,Male,63,PhD,Single,64950,38,2,29
5692,Female,25,Basic,Married,25443,0,3,82
4843,Female,62,Graduation,Single,75127,,1,92
6383,Female,43,PhD,Together,32892,18,3,78
1628,Female,43,Graduation,Together,71796,,2,54
1204,Male,44,PhD,Married,67536,19,3,45
3673,Female,43,Graduation,Single,55239,18,2,59
760,Male,39,PhD,Divorced,60554,14,2,8
8957,Female,62,2n Cycle,Single,64831,37,3,51
4128,Male,52,PhD,Together,56067,27,3,51
6810,Male,31,Graduation,Divorced,82025,,1,76
5386,Male,61,Graduation,Together,94384,,2,62
8700,Female,28,Basic,Single,14906,,1,86
3202,Female,27,PhD,Married,51563,,2,60
1328,Female,32,2n Cycle,Married,57937,7,3,56
8405,Male,35,Graduation,Divorced,68274,10,3,83
6515,Male,37,Graduation,Together,39771,12,3,92
2882,Male,39,2n Cycle,Divorced,67893,14,2,31
7574,Male,35,PhD,Together,27922,10,3,80
6387,Male,38,PhD,Together,52190,13,4,39
5320,Female,41,Master,Divorced,44051,16,3,20
5048,Male,43,PhD,Single,42767,18,3,53
8146,Female,38,Master,Together,46106,13,4,84
10031,Female,38,PhD,Married,16927,13,4,50
5748,Female,49,Graduation,Married,59754,24,3,96
2134,Female,62,Graduation,Single,53700,37,2,94
1523,Female,41,Graduation,Married,59041,16,4,25
9665,Male,57,PhD,Divorced,54237,32,2,48
4640,Female,47,Graduation,Divorced,70647,22,2,65
3635,Male,52,PhD,Single,52597,27,2,69
3547,Female,45,Master,Together,41021,20,3,12
2456,Female,39,PhD,Married,40233,14,3,84
5633,Female,34,Graduation,Married,50183,9,4,47
7801,Female,55,Graduation,Together,54753,30,3,87
10489,Male,41,Graduation,Married,92955,,2,35
7011,Female,41,Graduation,Married,33471,16,3,47
2620,Male,40,PhD,Married,34596,15,3,48
3933,Female,34,Graduation,Together,44010,9,3,46
10981,Male,26,Graduation,Married,84219,,2,27
1734,Male,46,PhD,Together,40706,21,5,37
10995,Male,26,2n Cycle,Married,15716,1,3,8
6357,Female,55,2n Cycle,Divorced,59052,30,2,29
9209,Female,43,Master,Together,80573,,2,85
10286,Female,52,Graduation,Married,83715,,2,2
2611,Male,55,Master,Together,82576,,2,66
1600,Female,49,Master,Married,56962,24,5,60
3308,Female,62,Graduation,Married,35704,37,4,54
5407,Male,60,Graduation,Together,53103,35,3,70
2166,Female,54,2n Cycle,Widow,46779,29,4,55
3955,Male,49,Graduation,Divorced,4861,,1,20
6634,Female,35,Master,Divorced,33462,10,2,78
3056,Female,36,Graduation,Divorced,63693,11,2,63
5718,Male,64,Graduation,Married,80763,,2,17
6872,Female,40,PhD,Married,65352,15,3,43
8164,Male,36,PhD,Married,82170,,2,13
4580,Female,45,Graduation,Married,75759,,2,46
9305,Female,38,2n Cycle,Single,79689,,1,65
453,Male,58,PhD,Widow,35340,33,4,1
8545,Male,60,Graduation,Divorced,85683,,1,6
9850,Male,42,2n Cycle,Married,24884,17,3,32
7378,Female,33,Master,Together,42021,8,3,34
7646,Male,25,Graduation,Single,64449,0,2,70
1640,Female,60,Graduation,Divorced,64587,35,3,49
5184,Female,19,Graduation,Single,34824,,1,65
8492,Male,36,Graduation,Together,75437,,2,25
11188,Female,57,Graduation,Together,26091,32,4,84
1212,Male,41,Graduation,Married,52845,16,3,7
9097,Female,58,Graduation,Divorced,46086,33,2,34
10473,Female,58,PhD,Widow,78028,33,3,38
7962,Female,27,PhD,Single,95169,,1,1
9984,Male,33,2n Cycle,Married,56337,8,4,25
5527,Male,27,Graduation,Together,22434,2,3,25
6374,Male,60,PhD,Married,36930,35,3,50
7453,Male,60,Graduation,Single,36130,35,2,46
8952,Male,61,Master,Married,65569,36,3,96
241,Male,62,Graduation,Together,83844,,2,57
8975,Female,46,Graduation,Married,19514,21,4,47
6119,Female,51,PhD,Single,36736,26,3,52
5236,Female,35,Graduation,Together,77568,10,3,30
5723,Male,38,PhD,Together,49187,13,3,63
1710,Male,36,Graduation,Single,30168,11,2,51
1970,Female,46,Master,Together,34053,21,3,14
5313,Male,43,Master,Married,38196,18,4,20
10634,Male,63,Master,Married,59412,,2,56
7010,Female,49,2n Cycle,Married,70924,,2,41
8562,Male,45,Graduation,Together,54165,,2,72
3158,Male,41,Graduation,Married,32300,16,3,1
4436,Female,38,Graduation,Single,20180,,1,27
5287,Male,41,Graduation,Married,34961,16,3,77
2445,Female,40,PhD,Together,28440,15,3,87
6059,Male,61,PhD,Together,64504,36,5,81
4550,Male,48,Master,Together,33564,23,3,51
4240,Male,36,Graduation,Married,17345,11,3,79
8911,Female,47,PhD,Married,56320,22,3,11
3706,Male,36,Graduation,Single,28647,11,2,54
3628,Male,27,Basic,Single,15038,2,2,93
10175,Female,56,PhD,Divorced,32173,31,2,0
8985,Male,50,2n Cycle,Together,68316,25,3,54
5204,Female,43,Graduation,Together,74538,,2,21
9220,Male,43,Graduation,Single,91700,,1,58
9888,Female,45,Graduation,Together,68695,,2,3
5263,Female,37,2n Cycle,Married,31056,12,3,99
1020,Female,41,Graduation,Married,79593,,2,70
9503,Male,34,Graduation,Single,28071,,1,65
10613,Female,56,PhD,Together,37334,31,4,44
67,Male,42,Master,Single,46423,17,3,6
6019,Female,43,PhD,Married,37126,18,3,9
5863,Female,61,Graduation,Married,47703,36,3,95
3717,Female,55,Graduation,Married,61180,30,3,70
6730,Male,60,Graduation,Married,38998,35,4,92
10749,Female,23,Graduation,Single,8028,,1,62
4998,Male,52,Graduation,Together,76081,,2,85
6287,Male,28,Graduation,Together,34728,3,3,2
5985,Male,49,Master,Single,33168,24,2,0
4754,Female,48,Master,Married,33585,23,3,91
4002,Female,54,PhD,Married,77037,29,3,3
8870,Male,30,Graduation,Together,35196,5,3,68
966,Female,48,Graduation,Married,44529,23,3,98
4767,Male,49,2n Cycle,Married,70924,,2,41
9725,Female,48,PhD,Together,28764,23,4,16
4475,Male,65,PhD,Married,69098,,2,82
5740,Male,44,2n Cycle,Divorced,25959,19,3,1
5731,Male,31,Master,Married,27100,6,3,64
7290,Female,29,Graduation,Single,70596,,1,68
3846,Male,40,Graduation,Married,42557,15,3,98
8104,Female,63,PhD,Married,53312,,2,32
4507,Female,62,Graduation,Single,72228,,1,87
11013,Male,27,Graduation,Together,67605,,2,84
4491,Male,65,Master,Married,62845,40,4,3
3759,Male,56,Graduation,Together,65196,31,4,34
1162,Male,27,PhD,Single,42000,,1,23
2055,Female,41,PhD,Divorced,35860,16,3,37
10766,Female,50,PhD,Married,65526,25,3,22
4415,Male,53,Graduation,Married,16860,28,4,19
3005,Female,22,Graduation,Single,83528,,1,7
2223,Female,49,2n Cycle,Divorced,64176,24,2,52
4817,Female,58,Graduation,Divorced,22304,,1,91
2875,Female,36,Graduation,Married,67023,,2,93
10536,Female,43,PhD,Together,32892,18,3,78
11112,Female,48,Graduation,Together,70713,23,3,23
3807,Female,59,Graduation,Together,59925,34,3,83
9197,Female,61,Graduation,Married,39722,36,3,92
10832,Male,56,Graduation,Together,46610,,2,4
6421,Female,53,Graduation,Together,88347,,2,32
4207,Female,33,PhD,Married,87171,,2,27
577,Male,38,2n Cycle,Together,26907,13,4,10
10855,Female,46,Master,Single,50014,21,2,9
3081,Male,36,PhD,Married,41014,11,3,65
3535,Male,49,Graduation,Single,66294,,1,68
247,Female,43,Graduation,Married,36715,18,3,16
8707,Female,58,Graduation,Married,79456,,2,12
9523,Male,32,Graduation,Together,40479,7,3,95
6072,Male,44,Master,Single,75345,,1,16
6295,Female,37,Graduation,Married,54233,12,3,46
10914,Male,44,Graduation,Single,24163,19,3,3
1509,Female,56,PhD,Together,84460,,2,80
5577,Male,31,Graduation,Together,43776,6,3,77
7348,Female,56,PhD,Single,71691,,1,0
1127,Male,41,PhD,Married,85844,,2,62
1833,Male,40,PhD,Single,39190,15,2,91
4944,Male,55,Graduation,Together,71367,,2,24
9080,Female,42,PhD,Single,38578,17,3,2
6466,Female,49,PhD,Married,57236,24,4,22
9964,Female,35,Graduation,Single,61825,10,2,56
4790,Female,56,Graduation,Divorced,79803,31,2,54
10245,Female,28,2n Cycle,Single,80910,,1,71
1109,Male,32,Master,Together,27590,7,3,38
6001,Female,35,Graduation,Married,56775,10,3,62
5538,Female,39,Graduation,Divorced,83829,,1,78
10552,Male,35,2n Cycle,Married,54210,10,3,18
1545,Male,28,Graduation,Married,38508,3,3,95
7409,Male,44,Graduation,Together,53187,19,3,66
4444,Male,42,Graduation,Married,30023,17,3,28
146,Female,54,PhD,Single,76045,,1,78
6271,Female,62,PhD,Married,50870,37,3,13
10065,Male,44,2n Cycle,Married,15315,,2,27
4741,Male,40,2n Cycle,Married,65463,15,3,17
246,Female,49,Graduation,Married,66480,24,4,71
375,Male,60,Graduation,Divorced,76773,,1,79
1524,Female,31,2n Cycle,Single,81698,,1,1
10022,Female,41,PhD,Single,54466,16,3,78
7451,Female,54,Master,Single,98777,,1,23
11010,Male,30,PhD,Single,16269,5,2,75
4356,Male,43,Graduation,Together,71819,18,3,70
3885,Female,31,PhD,Married,33569,6,3,10
1175,Male,31,Master,Married,36262,,2,24
880,Female,48,Basic,Together,22634,,2,47
2320,Female,36,2n Cycle,Married,47025,11,3,98
850,Male,46,Graduation,Single,70566,21,2,4
4713,Male,35,PhD,Married,31605,10,3,15
675,Male,41,Master,Divorced,52034,16,3,67
5025,Male,35,Graduation,Single,48526,10,2,32
2308,Male,60,Graduation,Married,46734,35,3,40
5995,Male,52,Graduation,Divorced,39552,27,3,54
6749,Female,48,Graduation,Single,86358,23,3,78
1010,Female,37,Graduation,Together,46931,12,5,94
8977,Female,29,Basic,Single,16581,,1,51
4756,Female,62,2n Cycle,Divorced,63998,,1,42
3412,Male,63,Master,Married,67381,38,3,67
606,Female,47,Graduation,Single,25930,22,3,87
5961,Female,36,Graduation,Married,42693,11,3,29
2975,Female,38,Graduation,Together,85606,13,3,89
2894,Male,29,Graduation,Single,72903,,1,74
7613,Female,40,2n Cycle,Together,49669,15,3,97
10542,Male,46,PhD,Married,36778,21,4,63
8015,Female,52,PhD,Divorced,85696,,1,88
10617,Female,25,Master,Divorced,10979,,1,34
11166,Male,53,Graduation,Married,49678,28,3,81
849,Male,61,Master,Together,56129,36,3,65
523,Female,25,Graduation,Married,37155,0,3,51
4066,Male,36,2n Cycle,Divorced,21282,11,2,76
8414,Male,52,PhD,Single,33419,27,2,76
819,Female,69,Graduation,Widow,63285,,2,84
4961,Male,40,Master,Together,21255,15,3,56
749,Male,33,Graduation,Together,42162,8,3,31
5430,Male,58,Graduation,Together,54450,33,4,0
7755,Male,60,PhD,Married,57744,35,3,91
10525,Male,28,Graduation,Single,26576,3,2,40
1453,Male,71,PhD,Widow,57513,,2,59
8310,Male,50,Graduation,Together,68142,25,3,96
10710,Male,35,Graduation,Married,7500,10,3,61
5031,Male,40,Graduation,Together,83145,,2,14
2613,Male,54,Master,Married,54197,29,3,16
213,Male,51,PhD,Single,23091,26,3,98
967,Female,38,Graduation,Married,46049,13,4,11
1077,Male,40,Graduation,Together,56715,,2,52
7959,Male,53,Graduation,Married,79410,,2,19
640,Female,63,Graduation,Married,57304,38,3,61
4252,Male,49,Graduation,Married,44375,24,3,73
8432,Female,58,Graduation,Together,54450,33,4,0
6218,Female,49,Graduation,Married,59594,24,3,74
6905,Male,20,Graduation,Together,80685,,2,55
5922,Female,40,PhD,Married,40344,15,3,48
3598,Male,42,Graduation,Married,62710,17,3,53
6116,Male,46,2n Cycle,Married,48985,21,3,13
6263,Female,46,Graduation,Together,35322,21,5,34
10486,Female,66,Graduation,Married,77142,,2,54
2410,Female,45,Graduation,Single,81657,,1,69
193,Male,18,Basic,Married,14421,,2,81
3363,Male,40,2n Cycle,Married,20130,,2,99
8278,Male,24,PhD,Married,74214,,2,3
10660,Female,57,Master,Married,66726,32,4,61
8686,Male,35,Basic,Together,23724,10,3,65
1604,Female,54,Master,Married,47353,29,3,93
5907,Male,62,Master,Married,33444,37,4,24
10669,Female,33,Graduation,Married,54386,8,3,8
2918,Male,33,Graduation,Divorced,28510,8,3,72
5735,Female,23,Master,Single,90638,,1,29
359,Male,64,Graduation,Together,48070,39,3,33
8387,Female,57,Graduation,Married,43140,32,3,68
1829,Male,53,PhD,Divorced,54959,28,2,55
3839,Male,56,Basic,Single,15056,31,3,76
9392,Female,43,Graduation,Single,26954,18,2,17
2292,Male,29,Graduation,Single,22327,4,2,94
10466,Male,49,Graduation,Married,44393,24,4,86
9855,Female,62,PhD,Single,62000,37,2,25
4088,Female,52,PhD,Together,31497,27,3,22
5231,Male,40,2n Cycle,Married,45894,15,4,15
590,Female,44,Master,Divorced,78579,,1,35
8732,Male,45,Master,Widow,67369,20,3,81
2315,Female,54,Graduation,Divorced,58401,29,2,55
3515,Male,62,Graduation,Single,62307,37,2,94
2245,Female,45,Master,Married,43641,20,4,50
6283,Male,46,Master,Divorced,63841,21,2,64
2246,Male,49,2n Cycle,Married,46891,24,3,91
6606,Male,45,Master,Married,70091,20,3,11
5545,Male,42,PhD,Married,78075,,2,72
7342,Female,53,2n Cycle,Widow,59184,28,3,6
837,Male,37,Graduation,Married,54809,12,4,0
9500,Female,55,Graduation,Married,58113,30,3,66
3602,Female,56,Master,Married,51412,31,3,42
234,Female,35,Graduation,Divorced,15287,10,2,60
2995,Female,57,Master,Together,66636,,2,64
1118,Male,58,Master,Married,50965,33,3,87
7789,Male,49,PhD,Married,84618,,2,96
3068,Female,24,Graduation,Married,18351,,2,1
8955,Female,57,PhD,Together,40451,32,4,54
945,Male,49,Graduation,Together,36317,24,3,53
5644,Female,57,Graduation,Together,42213,32,3,96
7192,Female,59,Graduation,Together,65748,34,3,58
2324,Female,42,Graduation,Together,77044,17,3,12
697,Male,45,Graduation,Together,74918,,2,78
3439,Male,42,Graduation,Married,56721,17,4,64
1506,Female,39,Graduation,Single,42160,14,3,26
232,Female,49,Graduation,Single,61559,24,2,8
8876,Male,51,PhD,Together,33629,26,4,49
4500,Male,23,PhD,Together,68682,,2,56
9739,Female,51,Graduation,Single,34377,26,2,55
10395,Male,28,Basic,Single,8940,3,2,25
1176,Female,41,Graduation,Married,26228,16,3,50
1627,Female,57,2n Cycle,Divorced,77297,,1,84
938,Male,33,Graduation,Married,40211,8,4,30
2740,Female,56,PhD,Widow,33438,31,4,81
257,Male,55,PhD,Married,75032,30,3,74
4058,Female,59,PhD,Single,61284,,1,76
7736,Female,28,Graduation,Married,22518,3,3,36
8210,Male,39,Master,Married,54730,14,3,64
833,Female,59,Master,Married,38452,34,4,62
6230,Male,43,Graduation,Divorced,44421,18,3,53
7325,Female,28,PhD,Together,38197,3,3,86
1307,Female,36,Graduation,Divorced,41986,11,2,15
1502,Female,31,Graduation,Together,28427,6,3,67
6211,Male,38,PhD,Together,37395,13,3,47
843,Female,43,Graduation,Married,64722,18,3,47
4174,Male,58,Master,Together,55249,33,3,81
9757,Female,42,Graduation,Together,84906,,2,98
6918,Male,25,Graduation,Married,28691,0,3,56
286,Female,62,Graduation,Single,44213,37,3,48
11086,Male,30,Basic,Single,25707,5,2,18
1921,Male,47,PhD,Married,59062,22,5,74
4138,Male,52,Graduation,Single,76624,27,2,68
7718,Male,67,Master,Together,66000,,2,36
1291,Male,36,PhD,Together,27683,11,3,90
6862,Male,43,Graduation,Divorced,1730,,1,65
4136,Female,22,Basic,Single,7500,-3,2,63
803,Female,46,Graduation,Together,40521,21,4,82
4298,Male,41,PhD,Together,20427,16,3,63
10833,Male,39,Graduation,Married,65106,14,3,55
9606,Male,49,PhD,Married,69969,,2,64
8534,Female,62,Graduation,Married,67433,37,4,51
5153,Female,47,PhD,Married,77766,22,3,97
961,Female,42,Graduation,Married,74716,17,3,92
5011,Male,51,Graduation,Divorced,68118,26,2,51
6653,Female,44,PhD,Married,55158,19,4,72
9094,Female,59,2n Cycle,Married,62972,34,3,39
810,Female,39,Graduation,Married,74190,14,3,49
5493,Female,38,Graduation,Married,39356,13,4,21
2147,Male,45,Graduation,Together,76653,,2,91
5107,Female,41,PhD,Divorced,35860,16,3,37
3979,Male,31,PhD,Divorced,90687,,1,98
6049,Female,32,Master,Together,73450,,2,85
8147,Female,54,Graduation,Married,31454,29,4,40
1857,Female,62,Graduation,Single,47139,37,3,2
3910,Female,39,Graduation,Divorced,83829,,1,78
5207,Female,51,PhD,Married,53378,26,4,41
11114,Female,44,Graduation,Together,19656,19,3,94
5429,Male,66,PhD,Married,45579,41,3,10
9400,Female,56,2n Cycle,Single,85485,,1,73
1740,Male,70,Graduation,Married,55956,,2,22
7488,Male,51,Master,Single,64191,26,2,30
195,Male,42,Graduation,Single,38808,17,2,21
635,Female,48,Master,Married,57183,23,4,51
7527,Female,46,Master,Divorced,23748,21,2,97
10319,Female,43,Graduation,Married,66303,18,3,56
2296,Female,39,Master,Married,37368,14,3,4
10637,Male,50,Graduation,Married,40800,25,5,77
2931,Female,36,Graduation,Divorced,71847,,1,95
907,Female,39,Graduation,Married,46149,14,3,36
3698,Male,31,Graduation,Together,78687,,2,13
9516,Male,43,2n Cycle,Divorced,49118,,1,90
679,Male,57,PhD,Married,37633,32,4,49
7384,Female,63,Master,Together,39767,,2,18
5043,Female,63,Basic,Married,26997,,2,89
5267,Female,44,Graduation,Divorced,33986,19,2,43
339,Female,42,PhD,Married,57091,17,3,82
2516,Female,45,2n Cycle,Married,46831,20,4,84
9010,Female,42,Master,Married,83151,,2,80
378,Female,43,Graduation,Married,52531,,2,68
4808,Female,58,Graduation,Married,15759,,2,12
5068,Female,43,Graduation,Single,22804,18,2,75
7628,Male,41,2n Cycle,Married,43050,16,3,10
7128,Male,37,PhD,Single,42997,12,3,91
2811,Male,51,PhD,Single,48918,26,3,21
3551,Female,60,Master,Together,60033,35,3,28
1663,Female,36,PhD,Together,34043,11,3,97
5543,Female,48,Graduation,Together,57811,23,3,49
1577,Male,68,Graduation,Married,78569,,2,14
10641,Male,36,Graduation,Single,7500,11,3,5
5336,Female,43,Master,Together,157733,18,3,37
6024,Male,61,Graduation,Together,94384,,2,62
1878,Female,29,2n Cycle,Married,23148,,2,83
3099,Female,44,Graduation,Divorced,44267,19,3,48
6055,Male,35,Graduation,Married,71626,,2,94
5841,Male,48,Graduation,Together,60894,23,3,61
3972,Male,38,Graduation,Together,50200,13,4,70
4394,Male,49,PhD,Married,81051,,2,43
5758,Female,32,Graduation,Married,65169,,2,23
6658,Male,42,Graduation,Together,59868,17,3,37
4603,Female,54,PhD,Married,65695,29,3,50
8427,Male,58,Master,Single,64857,,1,78
10260,Female,49,Master,Together,45143,24,3,74
7143,Male,59,2n Cycle,Together,74805,34,3,14
8789,Female,25,2n Cycle,Married,59060,0,3,77
6197,Male,52,PhD,Single,27238,27,3,39
4554,Female,49,Graduation,Together,47009,24,3,89
4937,Male,41,2n Cycle,Married,46094,16,4,62
1920,Female,42,Graduation,Married,40321,17,4,59
8749,Female,30,Graduation,Together,37235,5,3,68
1650,Female,54,Master,Married,81843,,2,13
10377,Female,56,Master,Together,46692,31,3,37
9206,Male,46,Graduation,Together,77382,21,3,36
10971,Female,37,Graduation,Single,37774,12,3,28
6398,Male,40,Basic,Married,18393,15,3,2
9212,Female,52,Master,Married,72828,27,3,17
7937,Female,32,Graduation,Married,24711,,2,86
839,Male,39,PhD,Married,45503,14,3,54
4246,Male,32,Master,Single,6560,,1,2
158,Female,69,PhD,Together,71604,,2,3
4832,Male,35,Graduation,Married,27244,10,3,84
5621,Male,45,Graduation,Married,48752,20,4,8
1945,Female,52,Graduation,Married,71434,27,3,4
5147,Male,66,Graduation,Single,90842,,1,57
2535,Male,36,Master,Married,88097,11,3,24
11039,Male,39,Graduation,Married,51948,14,3,51
9495,Female,32,Graduation,Together,71853,,2,29
9635,Male,31,Master,Married,35876,,2,13
2173,Female,62,Graduation,Widow,40049,37,3,23
942,Female,32,Graduation,Single,39660,7,2,36
9386,Female,52,Graduation,Together,50127,27,3,88
5510,Female,37,Master,Married,43263,12,3,2
873,Male,65,Master,Married,62845,40,4,3
2253,Male,24,Graduation,Married,18929,,2,15
5181,Male,32,Basic,Single,24367,7,2,58
979,Female,39,Graduation,Single,33249,14,2,11
10390,Female,55,2n Cycle,Married,26887,30,3,27
4698,Female,31,PhD,Married,50150,,2,32
7793,Male,38,Graduation,Together,62061,13,3,12
1745,Female,52,PhD,Divorced,85696,,1,88
10590,Male,58,PhD,Together,76542,,2,91
5080,Male,21,Graduation,Single,70515,,1,12
8369,Female,27,Graduation,Together,18227,2,3,21
5232,Male,49,Graduation,Married,69139,24,3,23
2407,Female,32,Graduation,Married,69109,,2,10
3834,Male,52,Graduation,Single,69627,27,2,35
7912,Male,36,Graduation,Married,38136,11,3,69
7712,Female,68,PhD,Single,62159,,1,68
1065,Female,51,Graduation,Single,80695,,1,85
7275,Male,43,Master,Single,33316,18,3,34
1343,Male,46,Graduation,Together,58554,21,4,55
1384,Female,22,Basic,Married,17256,-3,3,10
9967,Male,40,Graduation,Divorced,53034,15,3,30
6181,Male,64,2n Cycle,Together,52203,,2,36
10507,Male,37,2n Cycle,Divorced,59601,12,2,14
2674,Female,56,Master,Single,75154,31,2,79
2698,Male,38,Graduation,Single,47025,13,2,52
3231,Male,41,Graduation,Married,37971,16,3,97
4096,Female,46,Master,Divorced,41335,21,2,24
10476,Female,56,Graduation,Married,67267,31,3,0
5948,Male,39,Graduation,Single,57338,14,2,96
9140,Female,54,2n Cycle,Together,50523,29,4,89
10258,Male,49,Master,Single,35791,24,4,94
5675,Female,54,PhD,Divorced,50611,29,2,98
4743,Female,45,PhD,Married,56242,20,3,72
8805,Male,54,Graduation,Single,48904,29,2,1
1542,Female,39,Graduation,Single,56243,14,4,26
6770,Female,29,Graduation,Married,21355,4,3,5
8773,Female,43,Master,Together,57420,18,3,22
10475,Male,44,Master,Together,,19,3,39
10420,Female,59,Master,Divorced,46390,34,2,56
7514,Female,58,2n Cycle,Together,54342,33,4,74
2902,Male,56,Graduation,Together,,31,4,87
4345,Female,50,2n Cycle,Single,,25,3,49
793,Male,41,Graduation,Married,20895,16,3,24
10909,Female,66,Graduation,Married,92344,,2,9
3769,Male,42,PhD,Together,,17,3,17
8702,Female,38,2n Cycle,Together,26907,13,4,10
4791,Male,34,Graduation,Together,44964,9,4,35
2963,Female,35,Graduation,Together,75507,,2,56
8216,Female,42,Master,Married,53761,17,4,7
8140,Female,41,Graduation,Together,22682,16,3,51
10146,Female,42,PhD,Together,38887,17,3,17
5289,Female,39,2n Cycle,Single,41658,14,3,30
2587,Female,42,PhD,Married,29791,17,3,21
4405,Male,58,Master,Married,63915,33,4,2
8663,Female,40,Graduation,Divorced,39996,15,3,85
2589,Female,42,Graduation,Divorced,26759,17,2,65
3421,Male,46,Master,Divorced,63841,21,2,64
10490,Male,45,PhD,Married,51039,20,4,11
4094,Female,53,Graduation,Married,60544,28,4,92
9958,Female,42,Graduation,Married,65685,17,3,54
2534,Female,61,Graduation,Married,37716,36,3,4
4188,Male,57,Graduation,Single,36864,32,2,53
6613,Male,44,Master,Married,44511,19,3,39
10827,Female,47,PhD,Married,36947,22,4,49
5491,Male,63,Master,Together,47352,38,3,70
8402,Male,61,Master,Married,67087,36,3,40
8783,Male,64,Graduation,Married,57045,39,3,40
10010,Male,61,PhD,Divorced,36957,36,3,43
618,Female,37,PhD,Married,69389,12,3,17
9121,Female,42,Graduation,Married,80134,17,3,40
361,Female,45,Master,Married,43142,20,4,84
4310,Female,70,Graduation,Married,80589,,2,25
2678,Female,24,Graduation,Single,34412,-1,2,62
6376,Male,35,Graduation,Single,57537,10,2,83
524,Female,48,Basic,Together,22634,,2,47
10341,Female,66,Graduation,Together,51315,,2,45
5654,Female,42,Graduation,Married,36026,17,5,34
4098,Male,41,Graduation,Married,24639,16,4,3
5824,Female,42,PhD,Together,34578,17,5,1
7000,Female,42,2n Cycle,Single,65704,,1,18
2561,Female,48,Graduation,Single,63810,23,2,45
5229,Female,45,PhD,Together,54132,20,3,81
4086,Male,55,Graduation,Married,18690,,2,77
2428,Male,44,Graduation,Married,28164,19,3,23
8254,Female,40,PhD,Married,34596,15,3,48
2836,Male,42,PhD,Married,43269,17,3,61
8418,Male,56,2n Cycle,Single,38741,31,3,60
1362,Male,42,Graduation,Single,31907,,1,75
7152,Female,31,Master,Married,27100,6,3,64
10033,Female,41,2n Cycle,Divorced,31163,16,2,54
9349,Female,29,Graduation,Married,92533,,2,84
274,Male,41,Graduation,Single,34853,16,3,75
3388,Female,47,Graduation,Divorced,70844,22,3,16
922,Female,35,2n Cycle,Married,31086,10,4,79
8588,Female,53,Graduation,Married,60544,28,4,92
2518,Male,28,2n Cycle,Together,20491,,2,16
574,Female,50,Graduation,Married,42523,,2,96
3220,Male,31,Graduation,Married,39922,6,3,30
5967,Male,62,Graduation,Together,33402,37,4,60
1183,Female,65,Master,Married,36408,40,4,11
6856,Male,35,Graduation,Together,21645,10,3,75
4530,Female,66,Master,Widow,78427,,2,36
1553,Male,68,Graduation,Together,82657,,2,71
4682,Female,56,Graduation,Married,51876,,2,88
8204,Male,43,2n Cycle,Married,78041,,2,93
5221,Male,57,Graduation,Married,52852,32,3,93
1232,Male,32,PhD,Together,70038,,2,54
1927,Male,41,2n Cycle,Together,69401,16,3,41
5788,Female,42,Graduation,Together,46053,17,3,46
6652,Male,49,Graduation,Married,77343,,2,28
6246,Male,61,Graduation,Single,73892,,1,40
5975,Male,47,PhD,Single,40304,22,2,82
6875,Female,49,PhD,Together,32727,,2,38
4399,Male,45,Graduation,Together,68695,,2,3
4042,Male,43,Graduation,Divorced,43300,18,2,87
2157,Male,42,Graduation,Together,26290,17,4,49
10133,Female,44,Graduation,Single,93790,,1,16
2525,Male,40,PhD,Married,38410,,2,65
8233,Female,64,Master,Widow,64866,39,3,9
9483,Male,55,Graduation,Together,57957,30,3,24
2945,Female,59,PhD,Together,46015,34,4,25
10403,Male,36,Graduation,Together,16531,11,3,43
5074,Male,28,Master,Married,28072,3,3,10
10524,Female,51,Master,Divorced,49476,26,2,29
4690,Male,61,Graduation,Married,50725,36,3,45
7521,Female,62,Graduation,Together,83844,,2,57
7196,Male,64,PhD,Married,41145,39,4,20
4406,Male,44,Graduation,Together,67419,19,3,29
9672,Male,44,2n Cycle,Married,23162,19,4,82
4864,Male,37,Graduation,Married,34380,12,3,68
4706,Male,48,Graduation,Single,34704,23,2,65
4070,Female,45,PhD,Married,94871,20,4,99
25,Female,56,Graduation,Married,65148,31,3,9
3697,Male,60,Graduation,Together,39898,35,3,20
217,Male,58,Master,Single,64857,,1,78
4220,Male,44,PhD,Married,59892,19,3,26
5286,Male,27,Master,Single,41020,,1,68
9559,Female,53,PhD,Married,57072,28,3,79
2849,Male,35,Graduation,Single,60474,10,2,25
7787,Female,54,Graduation,Together,62807,29,3,83
3102,Female,33,2n Cycle,Together,19414,8,3,32
5868,Female,34,Graduation,Married,19107,9,3,49
8370,Female,38,2n Cycle,Together,75484,13,3,50
9988,Female,38,Master,Single,70379,13,2,84
2939,Female,44,Master,Together,79419,,2,96
5529,Male,68,PhD,Together,64014,43,5,56
9743,Female,59,Graduation,Married,76998,34,3,85
5763,Female,42,Master,Together,49854,17,3,63
3478,Female,43,PhD,Married,60585,18,4,17
7494,Female,64,PhD,Divorced,42873,39,3,11
1763,Female,26,Graduation,Together,87679,,2,62
7250,Female,36,Graduation,Together,57867,11,3,48
2005,Male,24,Graduation,Married,35765,-1,3,86
10770,Male,55,Graduation,Married,65492,,2,73
6885,Male,37,Graduation,Divorced,32952,12,2,36
2072,Female,45,PhD,Together,53374,20,3,34
9463,Female,55,Graduation,Together,71706,30,3,16
6318,Male,26,Graduation,Married,68487,,2,48
4093,Female,39,Master,Together,53253,14,4,61
5751,Female,41,2n Cycle,Divorced,31163,16,2,54
3340,Female,37,Graduation,Married,42014,12,3,56
3594,Female,41,Master,Married,54108,16,4,74
3584,Female,59,PhD,Single,49667,,1,35
3643,Female,40,Master,Married,63206,,2,65
851,Male,42,Master,Married,57136,17,4,48
7706,Female,39,2n Cycle,Together,46772,14,3,88
3967,Male,43,PhD,Married,78931,,2,19
10128,Male,56,Graduation,Together,53977,31,3,21
486,Male,26,Graduation,Married,84219,,2,27
9,Male,39,Master,Single,46098,14,3,86
9451,Male,49,Graduation,Married,73538,24,3,92
9264,Female,28,Graduation,Married,79529,,2,1
3865,Female,37,2n Cycle,Together,20981,,2,14
2853,Female,34,Graduation,Single,51766,9,2,74
1490,Male,52,Graduation,Married,55759,27,3,84
6310,Male,36,Graduation,Married,33039,11,3,4
10380,Female,42,Master,Married,37787,17,3,50
3887,Male,44,Graduation,Single,27242,19,2,2
4278,Female,31,PhD,Single,87188,,1,73
8643,Male,43,Graduation,Together,69930,,2,21
1998,Female,38,Graduation,Single,37697,13,2,82
10795,Female,41,PhD,Married,37401,16,3,14
11110,Female,41,Graduation,Single,3502,16,2,56
2408,Female,38,Graduation,Married,58597,13,4,20
202,Female,66,PhD,Widow,82032,,2,54
7998,Female,56,Graduation,Together,28087,31,4,77
830,Male,27,PhD,Single,74004,,1,5
3536,Female,54,Graduation,Together,19740,29,3,65
6050,Female,39,2n Cycle,Married,57036,14,3,33
125,Male,56,2n Cycle,Together,53083,31,4,65
3463,Male,39,PhD,Married,69283,14,3,41
2804,Female,39,Master,Single,46098,14,3,86
3745,Female,26,2n Cycle,Married,23331,1,3,92
9771,Female,26,2n Cycle,Single,23331,1,2,97
451,Female,25,Graduation,Single,9255,0,2,91
10530,Male,55,PhD,Widow,67786,,2,0
1079,Female,43,PhD,Married,71969,18,3,59
8920,Female,47,Master,Single,59235,22,2,4
6678,Male,25,Graduation,Together,31928,0,3,5
3852,Female,53,Master,Together,74881,28,4,48
528,Male,36,Graduation,Married,65819,,2,99
73,Female,61,PhD,Single,51411,36,4,81
5589,Male,50,Graduation,Divorced,51983,25,2,95
10212,Female,28,Master,Together,42386,3,3,43
6365,Male,27,2n Cycle,Married,30390,,2,5
5636,Male,51,Graduation,Single,30983,,1,50
591,Female,57,Graduation,Widow,66033,32,3,76
2217,Male,39,2n Cycle,Married,37284,14,4,46
2544,Male,63,Master,Divorced,57530,38,2,68
7725,Male,49,2n Cycle,Married,76800,,2,33
8091,Male,58,Graduation,Married,63943,33,3,50
7321,Male,52,Graduation,Together,76081,,2,85
5462,Female,40,Graduation,Married,67445,15,3,63
7791,Female,47,Master,Married,37054,22,4,89
955,Male,52,Master,Together,47175,27,4,81
4037,Female,38,Graduation,Divorced,31859,13,2,77
6642,Male,53,Graduation,Divorced,27215,28,4,50
2793,Male,38,PhD,Divorced,70179,13,2,10
5424,Female,31,Graduation,Married,39922,6,3,30
879,Female,38,Master,Married,49681,13,4,66
9530,Male,26,Graduation,Married,24645,1,3,16
4828,Female,60,Graduation,Divorced,79865,35,2,12
10699,Male,29,Graduation,Married,44322,4,3,30
1497,Female,62,Graduation,Single,47958,37,2,8
7476,Male,50,Master,Single,63972,25,2,93
4390,Female,60,Graduation,Together,75315,35,3,14
10478,Male,64,PhD,Married,55517,39,4,53
1081,Female,57,PhD,Married,75283,32,5,26
4261,Male,68,PhD,Single,82800,,1,23
9916,Female,60,Graduation,Married,38998,35,4,92
5350,Male,23,Master,Single,90638,,1,29
8135,Male,28,Master,Married,27161,3,3,41
8685,Female,37,Graduation,Married,42014,12,3,56
4967,Female,54,PhD,Together,38201,29,3,19
2130,Female,32,Graduation,Together,45203,7,4,4
9298,Male,67,PhD,Together,81574,,2,89
8175,Male,22,Graduation,Married,34935,,2,71
6257,Female,38,Master,Single,60482,13,2,81
3790,Female,58,Graduation,Together,34633,33,5,31
9952,Female,67,Master,Together,78093,,2,53
3503,Male,64,Graduation,Divorced,82460,,1,78
5223,Female,48,Master,Together,45903,23,3,80
4608,Male,27,Graduation,Divorced,81361,,1,18
1626,Female,41,PhD,Divorced,35860,16,3,37
4764,Male,62,Master,Together,40442,37,4,52
2471,Female,49,Graduation,Married,61482,,2,39
5892,Female,34,Graduation,Married,34968,9,3,11
2612,Male,27,Graduation,Married,75794,,2,33
4971,Male,52,PhD,Together,31497,27,3,22
5185,Male,59,Graduation,Married,74268,,2,83
10069,Female,26,Basic,Together,13724,1,3,43
2262,Female,49,Master,Together,45143,24,3,74
1131,Male,47,PhD,Single,52569,22,2,54
1041,Male,41,PhD,Single,48432,16,2,3
24,Female,54,Master,Together,17144,29,4,96
3409,Female,30,Graduation,Single,36108,5,2,68
7022,Female,43,Graduation,Married,76445,18,3,2
7943,Male,39,PhD,Married,36663,14,3,40
5272,Female,49,Master,Married,53843,24,3,64
5453,Female,58,Master,Married,90226,,2,26
2565,Female,59,Master,Divorced,70638,,1,69
800,Female,54,Graduation,Together,44512,29,4,57
11092,Female,53,Graduation,Married,27116,28,4,78
5062,Female,51,PhD,Married,54072,26,4,71
8969,Female,37,Graduation,Married,71855,12,3,59
4656,Male,24,2n Cycle,Single,51250,-1,2,28
4480,Female,41,Master,Married,60432,16,3,61
9971,Female,50,PhD,Married,65526,25,3,22
6729,Male,26,Graduation,Single,68655,,1,95
1773,Male,36,2n Cycle,Married,12393,,2,38
9242,Female,24,Graduation,Single,64509,,1,19
1764,Female,39,Graduation,Single,33955,14,2,92
6215,Female,37,Graduation,Married,31353,12,4,24
10099,Male,30,Graduation,Married,55434,5,3,21
5423,Male,31,Graduation,Together,28359,6,3,35
940,Male,27,Graduation,Single,57100,2,2,9
3011,Male,49,Graduation,Married,69139,24,3,23
3298,Male,58,Master,Married,52973,33,3,92
8286,Female,49,PhD,Together,51717,24,3,55
9668,Female,43,Graduation,Married,18793,18,3,14
5120,Male,32,2n Cycle,Together,66664,,2,78
6097,Male,55,Graduation,Single,50664,30,3,64
7019,Female,51,Graduation,Together,54414,26,4,49
7408,Male,62,PhD,Married,54549,37,3,8
8041,Female,43,PhD,Widow,47111,18,3,35
252,Female,51,PhD,Divorced,41003,,1,11
9986,Female,32,Graduation,Together,19444,7,3,8
3276,Female,38,2n Cycle,Together,36301,13,3,53
3859,Male,67,PhD,Together,73059,42,3,36
3570,Female,45,PhD,Together,42731,20,3,64
3783,Male,55,PhD,Married,52854,30,4,43
10207,Male,36,Graduation,Together,22775,11,3,40
10906,Male,66,PhD,Together,46681,41,4,52
3427,Female,59,PhD,Married,59821,34,3,11
5209,Female,60,Graduation,Divorced,50002,35,2,21
10711,Female,69,Graduation,Married,69755,,2,23
10785,Male,45,Graduation,Married,44078,20,4,17
2814,Male,38,Master,Together,30560,13,3,6
6866,Female,45,Master,Together,35924,20,4,56
1665,Male,50,PhD,Divorced,64140,25,3,71
6575,Female,33,Graduation,Together,56386,8,4,51
3829,Male,35,Basic,Together,24594,10,3,94
3091,Female,33,2n Cycle,Together,75774,8,3,27
10141,Male,54,Master,Divorced,39228,,1,1
5177,Female,40,Master,Married,58494,15,3,56
7005,Male,33,Graduation,Single,58684,,1,71
6409,Male,47,Graduation,Divorced,57136,,1,18
7485,Male,64,PhD,Widow,56551,39,4,48
8079,Female,32,Graduation,Married,22448,7,3,86
8395,Female,53,Graduation,Single,82014,,1,48
10352,Female,51,Graduation,Widow,34213,26,4,2
4931,Female,37,Graduation,Together,157146,,2,13
13,Female,67,PhD,Widow,25358,42,3,57
1834,Male,36,Master,Single,35544,11,2,77
2285,Male,60,Master,Together,36634,35,3,0
2295,Female,60,PhD,Married,62670,35,3,57
1378,Female,42,2n Cycle,Together,50334,17,3,24
2781,Female,33,Graduation,Single,72066,,1,55
1165,Male,56,PhD,Single,50729,31,3,62
1404,Female,46,Graduation,Together,34916,21,4,89
6457,Male,38,Graduation,Divorced,64892,13,2,77
2639,Female,48,Graduation,Single,43602,23,3,45
8299,Male,25,PhD,Single,33996,,1,46
6437,Male,29,2n Cycle,Single,41473,4,2,80
6912,Female,47,PhD,Married,63246,22,4,60
7327,Male,55,PhD,Married,36732,30,4,71
5299,Female,44,PhD,Married,69084,19,3,43
4127,Male,47,PhD,Married,77766,22,3,97
8143,Female,29,PhD,Single,37929,,1,49
1964,Male,63,Graduation,Together,86610,,2,66
3690,Male,28,Master,Married,80141,,2,20
3433,Male,59,2n Cycle,Married,72635,,2,54
3389,Male,44,Graduation,Married,69016,19,3,61
4712,Female,23,2n Cycle,Together,20193,,2,18
1170,Female,39,Graduation,Married,27573,14,3,45
6347,Female,35,Basic,Single,15862,10,2,26
4065,Female,38,PhD,Married,49544,13,3,0
8230,Male,34,Graduation,Married,33228,9,3,28
1215,Female,36,Graduation,Together,70440,,2,49
5939,Male,43,Graduation,Together,38232,18,4,84
2156,Male,59,PhD,Married,22554,34,4,38
7788,Male,31,PhD,Married,23536,6,3,53
10323,Female,62,Graduation,Married,49413,37,3,88
7947,Male,45,Graduation,Married,42231,20,4,99
1891,Male,34,Master,Divorced,78789,,1,12
2570,Female,46,Graduation,Together,56534,21,3,35
9256,Male,43,Graduation,Single,58350,18,2,5
295,Male,25,Graduation,Single,81217,,1,77
7397,Female,63,Graduation,Single,49090,38,2,45
6349,Female,27,Master,Divorced,61787,,1,71
10790,Female,29,PhD,Married,18169,4,3,40
10398,Female,33,2n Cycle,Single,24336,8,2,82
2431,Female,24,Graduation,Married,18222,,2,70
550,Female,62,Graduation,Divorced,62335,37,2,87
1890,Female,43,2n Cycle,Together,42033,18,4,95
10742,Female,31,PhD,Married,86580,,2,72
10356,Male,57,PhD,Divorced,41437,32,3,5
4676,Female,63,Master,Widow,73705,38,4,86
8852,Male,38,Graduation,Married,61064,13,3,80
3565,Female,59,Master,Married,38452,34,4,62
5294,Female,25,Graduation,Single,18358,0,2,49
1958,Female,41,PhD,Together,55012,16,3,85
7349,Female,41,Basic,Together,9722,16,3,7
8799,Female,30,PhD,Married,38175,5,3,6
1351,Male,58,Master,Together,58656,33,3,25
1045,Female,49,Graduation,Together,52117,24,3,55
7732,Male,36,Graduation,Married,64813,11,3,81
8070,Male,41,PhD,Married,54222,16,3,98
477,Female,28,Graduation,Married,83512,,2,31
7832,Female,55,Master,Married,77520,30,3,30
2202,Male,36,Graduation,Together,41154,11,3,98
7396,Female,48,Graduation,Married,80398,,2,92
4055,Female,22,Basic,Single,18746,-3,2,41
10340,Male,30,Graduation,Together,35196,5,3,68
10091,Female,58,Graduation,Single,60230,33,2,78
7629,Male,37,Graduation,Married,22108,12,4,46
10640,Male,40,Graduation,Together,44392,15,4,71
3498,Female,38,PhD,Married,55424,13,3,6
6742,Female,35,Graduation,Married,17688,10,3,82
1172,Female,31,PhD,Married,92491,,2,71
569,Female,23,Graduation,Single,90273,,1,32
4686,Female,52,PhD,Widow,82571,,2,28
1381,Male,32,PhD,Single,38513,7,2,20
2634,Female,35,Master,Single,16653,10,2,10
10905,Female,59,Graduation,Together,42586,34,4,7
1744,Male,49,Basic,Single,23529,24,2,67
1000,Male,53,Master,Together,74881,28,4,48
3828,Male,63,Graduation,Married,71107,38,3,61
8605,Female,50,PhD,Together,46910,25,4,36
10304,Male,55,Graduation,Married,18690,,2,77
4351,Female,59,Graduation,Divorced,37244,34,3,90
10129,Female,48,Graduation,Together,82427,,2,35
2499,Female,56,2n Cycle,Single,75342,31,2,38
10092,Male,60,Graduation,Divorced,70044,35,2,46
7500,Female,47,Graduation,Single,79146,22,3,33
5796,Female,51,Graduation,Married,77437,,2,70
10556,Female,55,Graduation,Married,54984,30,3,51
1064,Female,43,PhD,Married,42403,18,3,18
48,Male,50,Graduation,Together,55761,25,3,97
7610,Male,31,Graduation,Together,37292,6,3,32
263,Male,69,PhD,Single,45576,,1,9
10814,Female,67,Graduation,Together,70321,,2,6
9710,Female,45,PhD,Divorced,58086,20,2,80
9292,Female,62,Graduation,Married,81795,,2,74
10250,Female,67,Basic,Together,28389,,2,49
7881,Female,68,Master,Married,66835,,2,21
5847,Male,45,Graduation,Divorced,69901,20,2,95
737,Female,65,PhD,Married,80360,,2,56
3571,Female,53,PhD,Together,63342,28,3,48
7807,Female,40,Graduation,Married,44989,15,3,26
3878,Female,34,2n Cycle,Single,31859,9,2,3
5092,Female,65,PhD,Widow,51569,40,3,39
2154,Male,43,Graduation,Widow,30372,18,4,33
5394,Male,35,Basic,Single,16014,10,3,42
3798,Male,46,Graduation,Married,41120,21,4,80
3524,Female,43,Master,Single,39763,18,2,9
5247,Female,59,PhD,Married,38725,34,4,52
5883,Female,42,Graduation,Married,77981,17,3,78
2118,Female,50,2n Cycle,Married,62905,25,3,68
8812,Male,35,2n Cycle,Divorced,13533,10,2,45
6616,Female,39,Graduation,Together,59481,14,3,47
2797,Female,37,Graduation,Married,72117,12,3,34
4328,Female,28,2n Cycle,Married,21955,3,3,81
9167,Female,58,Graduation,Married,67131,33,3,72
10560,Male,34,PhD,Single,36802,9,2,23
2631,Female,32,Graduation,Together,71853,,2,29
8312,Female,53,Basic,Married,28249,,2,80
5534,Female,39,Master,Married,47808,14,3,30
5093,Female,40,PhD,Divorced,25509,15,2,15
7592,Male,68,PhD,Married,51012,,2,86
8895,Male,29,Graduation,Single,70596,,1,68
8584,Male,62,PhD,Together,85431,,2,54
2694,Male,47,Graduation,Married,42664,22,3,44
8910,Female,59,Graduation,Together,42586,34,4,7
7433,Male,29,Graduation,Single,29760,4,2,87
164,Female,37,PhD,Married,28973,,2,59
10477,Female,41,PhD,Together,39435,16,3,16
2681,Male,30,2n Cycle,Married,65370,,2,1
5150,Female,35,Basic,Single,20194,10,2,64
5283,Male,38,PhD,Single,42473,13,3,72
9645,Female,46,Graduation,Married,64590,,2,98
10678,Male,55,Graduation,Together,71232,30,3,91
7261,Male,43,Graduation,Together,34600,18,4,8
9648,Male,47,Graduation,Single,46904,22,3,20
2870,Male,41,Graduation,Married,49094,16,3,6
8008,Male,31,Graduation,Together,36075,6,3,54
1513,Female,35,2n Cycle,Together,60839,10,4,72
6173,Female,35,Graduation,Together,77298,10,3,46
1419,Female,64,Graduation,Together,34026,39,4,11
9150,Male,51,PhD,Single,48918,26,3,21
7960,Female,52,2n Cycle,Together,82122,,2,89
1250,Male,38,Graduation,Single,37697,13,2,82
9905,Female,62,Graduation,Together,34074,37,4,69
10691,Female,54,Master,Married,28520,29,4,55
7002,Male,59,Graduation,Single,62535,34,2,13
2952,Female,37,Master,Single,36273,12,2,80
8439,Female,50,Graduation,Together,63404,25,4,97
762,Female,33,2n Cycle,Together,75774,8,3,27
2831,Male,38,Graduation,Together,78416,13,3,99
6977,Male,40,Graduation,Together,75702,15,3,87
6289,Female,63,Master,Together,59385,38,4,85
4168,Female,48,Graduation,Single,37070,23,3,30
8397,Female,63,Graduation,Married,44689,38,4,82
9284,Male,56,Graduation,Together,53977,31,3,21
6237,Male,48,PhD,Single,7144,23,3,92
3130,Female,50,Graduation,Single,18701,25,3,95
1619,Female,58,Graduation,Married,90369,,2,2
1990,Female,40,PhD,Single,63159,,1,74
5513,Male,48,Graduation,Together,37758,23,4,49
269,Male,51,PhD,Single,46757,26,2,71
8093,Female,45,Master,Married,79734,,2,72
10513,Female,22,Graduation,Together,63207,,2,68
10177,Female,60,Graduation,Divorced,72071,35,2,4
2549,Male,31,PhD,Together,21840,6,3,80
5782,Female,32,2n Cycle,Together,58582,7,3,15
10057,Male,63,Graduation,Single,72282,,1,70
10307,Male,58,Graduation,Married,50387,33,4,91
8566,Female,53,PhD,Together,32583,28,4,10
2415,Female,52,Graduation,Together,62568,27,3,99
5684,Female,43,Master,Divorced,44635,18,3,25
8334,Male,43,Master,Single,33316,18,3,34
9166,Male,46,Graduation,Married,63967,21,3,57
1440,Male,36,2n Cycle,Together,52513,,2,84
78,Female,45,Graduation,Married,25293,20,3,51
5441,Female,49,PhD,Widow,54111,24,3,97
5302,Male,28,Graduation,Together,78394,,2,13
4687,Male,56,Master,Married,80739,,2,92
1087,Female,39,Master,Together,22669,14,3,30
6859,Male,27,Graduation,Single,29236,2,2,30
9860,Male,55,Graduation,Together,44911,30,3,11
7129,Male,52,PhD,Married,54693,27,3,72
5866,Male,40,Graduation,Together,48186,15,3,39
10521,Male,37,Graduation,Married,54809,12,4,0
7393,Male,36,Graduation,Together,41580,11,4,15
7849,Female,44,PhD,Married,80336,,2,12
332,Female,57,Graduation,Married,47743,32,3,56
9847,Male,59,2n Cycle,Married,62972,34,3,39
531,Female,60,PhD,Divorced,57333,35,2,55
9576,Female,32,PhD,Together,32313,7,3,60
6906,Female,61,Master,Widow,84953,,2,73
7419,Female,46,Master,Divorced,27071,21,2,90
3170,Male,57,Master,Together,68148,,2,86
8527,Male,49,Master,Together,65735,24,4,37
7872,Female,39,PhD,Married,86836,,2,7
9931,Female,51,PhD,Married,4023,26,4,29
10595,Female,24,Graduation,Married,30093,,2,19
4609,Male,48,PhD,Married,57705,23,3,14
5010,Male,26,Graduation,Single,25008,1,2,72
4427,Female,19,2n Cycle,Single,83257,,1,56
11148,Male,39,Graduation,Together,22280,14,3,85
1168,Male,36,PhD,Married,72159,,2,62
9595,Male,53,Graduation,Together,64260,,2,1
10163,Male,30,PhD,Single,82733,,1,28
2886,Female,43,Master,Divorced,74290,18,2,70
6710,Male,63,Master,Single,58217,38,4,84
5316,Female,38,Master,Together,21024,,2,89
9029,Male,42,PhD,Married,70116,,2,73
521,Male,29,Graduation,Together,54006,4,3,42
1459,Male,48,PhD,Married,69063,23,3,16
10241,Male,39,2n Cycle,Divorced,11448,,1,16
1630,Female,35,Graduation,Single,61825,10,2,56
3254,Female,43,Graduation,Married,70886,18,3,65
9064,Male,32,Graduation,Married,69109,,2,10
3678,Male,41,Graduation,Widow,60208,16,4,13
4227,Female,46,Master,Together,32889,21,4,78
9467,Female,30,Graduation,Single,34738,5,2,51
8486,Female,43,Master,Together,30538,18,3,27
2186,Male,37,2n Cycle,Together,82326,,2,30
3286,Male,47,PhD,Divorced,26642,22,2,71
8602,Female,50,Graduation,Divorced,69932,25,2,97
3722,Female,42,Graduation,Single,44503,17,3,83
6715,Male,66,PhD,Single,60200,41,2,3
4796,Male,62,Graduation,Divorced,49638,37,2,71
9612,Female,27,2n Cycle,Single,23830,,1,3
3766,Male,55,Master,Widow,33051,,2,15
1399,Female,56,Graduation,Married,72905,,2,52
1570,Female,63,PhD,Together,69702,38,3,8
3426,Male,39,Graduation,Divorced,70300,14,2,89
3074,Male,30,PhD,Married,70643,,2,66
8341,Male,45,PhD,Married,30396,20,3,22
5180,Male,46,PhD,Divorced,50616,21,2,56
6461,Male,45,Master,Single,62772,20,2,74
7679,Female,29,PhD,Single,30298,,1,48
10702,Female,30,Graduation,Single,52413,5,2,67
7505,Female,57,PhD,Married,44155,32,4,24
5113,Female,43,PhD,Divorced,86979,,1,67
10858,Male,39,Graduation,Together,76532,14,4,38
2961,Male,32,Graduation,Married,42081,7,3,86
2747,Female,26,PhD,Married,67546,,2,90
3010,Female,25,Master,Together,88420,,2,87
5790,Male,29,Graduation,Married,31158,4,3,62
6892,Female,46,Graduation,Divorced,61671,21,2,23
1743,Male,40,Graduation,Single,69719,,1,99
3578,Male,65,Graduation,Divorced,49160,40,2,29
8462,Male,36,Basic,Together,24882,11,3,52
5558,Female,60,PhD,Single,90933,,1,90
4619,Female,69,PhD,Single,113734,,1,9
8780,Male,64,PhD,Together,59292,39,3,71
10789,Male,50,PhD,Married,45759,25,4,13
10779,Female,31,Graduation,Single,22148,,1,16
5896,Male,27,Master,Married,73395,,2,94
2337,Female,43,Graduation,Divorced,29819,18,2,77
10951,Male,46,Graduation,Married,45688,21,3,20
544,Female,60,Graduation,Married,62820,,2,51
17,Male,43,PhD,Married,60491,18,3,81
10680,Female,28,Graduation,Together,33235,3,3,71
3265,Female,55,Graduation,Married,35701,,2,36
5623,Female,34,Master,Married,31535,9,3,95
5832,Female,54,2n Cycle,Together,92556,,2,32
5544,Male,44,Graduation,Single,67384,19,2,32
6417,Male,43,Master,Together,80573,,2,85
5831,Female,47,Graduation,Married,77870,22,3,93
7101,Female,51,PhD,Widow,52278,26,3,24
10176,Male,46,Graduation,Single,57107,21,2,44
2326,Male,24,Graduation,Married,18929,,2,15
4385,Male,33,PhD,Single,36038,8,2,82
2929,Female,38,Graduation,Single,20180,,1,27
10686,Female,49,PhD,Together,34230,24,4,72
2546,Male,37,2n Cycle,Single,31878,12,2,7
3283,Female,42,2n Cycle,Married,70932,17,3,57
3138,Male,58,Graduation,Single,91249,,1,84
4994,Female,71,Master,Single,77598,,1,53
7966,Male,55,Graduation,Single,80982,30,3,48
3112,Female,37,Master,Married,22701,12,3,2
10872,Male,45,PhD,Married,55212,20,3,65
2181,Female,44,Graduation,Married,70617,,2,45
1867,Male,57,Graduation,Single,64849,,1,42
1518,Female,49,Master,Married,62694,24,4,29
5734,Male,40,PhD,Married,61917,15,4,83
2878,Male,67,PhD,Married,67472,42,3,93
1458,Male,32,Master,Married,21059,7,3,40
7007,Male,46,Master,Married,29543,21,4,47
6200,Male,63,Graduation,Married,75903,38,3,50
1403,Male,39,2n Cycle,Together,34984,14,4,40
4827,Female,58,PhD,Single,54998,33,2,3
6250,Male,65,PhD,Widow,54356,40,3,62
9291,Female,55,Master,Married,34242,30,3,25
2478,Female,41,Graduation,Married,25410,16,3,48
1139,Female,30,PhD,Married,73356,,2,56
5138,Female,64,Graduation,Together,28320,39,3,68
5393,Male,37,Graduation,Single,23763,12,2,64
10413,Male,30,Graduation,Married,72570,,2,67
5015,Male,38,Master,Married,34529,13,3,94
10868,Female,63,Graduation,Widow,70792,,2,82
10676,Female,32,Graduation,Married,63211,,2,3
2495,Female,40,Master,Married,83891,15,3,24
7842,Female,46,Graduation,Single,36065,21,3,54
9955,Female,60,Graduation,Together,39898,35,3,20
6663,Female,74,PhD,Single,51141,,1,96
2162,Female,38,Graduation,Married,56939,13,3,19
3434,Male,63,Graduation,Single,80872,,1,60
7919,Male,38,PhD,Together,72335,,2,2
5626,Male,50,PhD,Single,61798,,1,13
6428,Male,64,PhD,Widow,76842,,2,37
8514,Male,38,Graduation,Together,29478,13,3,59
10448,Female,58,Graduation,Single,46998,33,2,55
2109,Male,24,Graduation,Single,96843,,1,60
7530,Male,64,PhD,Widow,56551,39,4,48
8925,Female,49,Master,Married,70053,24,3,38
3009,Female,52,PhD,Widow,71670,,2,8
6355,Male,36,Graduation,Married,44359,11,4,19
3517,Female,62,Graduation,Single,40887,37,3,32
1158,Male,48,Graduation,Divorced,48877,23,2,27
6203,Male,67,Graduation,Together,74485,,2,58
7165,Female,42,Graduation,Together,64474,17,3,59
3595,Female,51,Graduation,Together,77226,26,3,29
8537,Female,65,Graduation,Widow,72643,,2,60
4331,Female,36,Master,Together,85738,,2,41
6281,Female,48,Graduation,Divorced,55686,23,2,27
4338,Male,31,Graduation,Single,39062,6,2,28
2452,Female,43,Graduation,Together,34600,18,4,8
9507,Female,39,Graduation,Married,40794,14,3,18
8360,Female,43,2n Cycle,Married,54690,18,4,76
10311,Male,45,Graduation,Married,4428,20,3,0
5117,Female,51,2n Cycle,Married,32632,,2,32
4867,Female,46,PhD,Single,38236,21,3,2
9289,Male,35,Graduation,Married,36781,10,3,16
10913,Male,30,Master,Single,31385,5,2,56
3032,Female,30,Graduation,Married,24570,5,3,97
8524,Male,40,PhD,Divorced,25509,15,2,15
3334,Female,63,Graduation,Married,94642,,2,35
4470,Female,52,Master,Married,58646,27,3,3
1406,Female,39,Graduation,Single,53201,14,3,49
8619,Female,57,Graduation,Together,21994,32,3,4
10821,Male,36,Graduation,Married,57113,11,4,45
4552,Female,23,Graduation,Married,51373,,2,37
898,Female,28,Graduation,Married,23477,3,3,39
9797,Male,58,Graduation,Married,58116,33,3,38
10949,Male,51,PhD,Divorced,72968,,1,8
8212,Female,43,Master,Married,39791,18,3,89
6248,Male,67,Master,Single,91712,,1,47
10164,Female,56,Graduation,Single,94472,31,2,75
4547,Male,54,Graduation,Together,13672,29,4,86
6815,Male,34,2n Cycle,Married,96547,,2,4
4122,Male,39,Graduation,Married,79205,,2,73
10841,Female,39,PhD,Together,56559,14,3,46
5370,Female,41,PhD,Married,32644,16,3,38
176,Female,34,2n Cycle,Single,67506,9,2,73
4860,Female,44,Graduation,Single,24206,19,2,66
10757,Female,47,PhD,Divorced,28420,22,2,36
4023,Male,44,Graduation,Married,22979,19,3,29
6679,Female,48,Graduation,Single,33279,,1,29
9923,Female,42,Master,Single,46423,17,3,6
7181,Male,37,Graduation,Married,30368,12,3,97
3599,Female,44,Graduation,Married,63684,19,3,61
405,Male,50,Graduation,Divorced,41638,25,2,68
6870,Female,55,PhD,Divorced,68805,30,2,73
832,Female,48,PhD,Together,65814,23,3,90
2002,Female,56,Graduation,Divorced,71964,,1,81
3657,Female,28,Graduation,Single,39146,3,2,1
500,Male,37,Graduation,Together,96876,,2,79
1951,Female,33,Basic,Married,34445,,2,92
3262,Female,56,Graduation,Single,68281,,1,31
4102,Female,39,2n Cycle,Married,37284,14,4,46
7042,Female,31,Graduation,Married,36790,,2,14
10598,Male,47,Graduation,Together,27943,22,4,89
255,Female,63,Graduation,Divorced,22263,38,3,31
2375,Male,42,Graduation,Together,30261,17,5,75
9829,Male,36,Graduation,Together,28587,11,3,42
6214,Male,32,Master,Married,43815,7,3,53
4954,Male,58,Graduation,Married,48195,33,4,53
7861,Female,62,Master,Married,77027,37,3,23
4837,Female,49,PhD,Married,71322,24,3,57
9423,Female,35,Master,Married,32765,10,3,49
4198,Male,49,Graduation,Together,29672,24,4,6
153,Male,61,Graduation,Divorced,23272,,1,29
9323,Female,65,Master,Together,49912,40,3,5
10001,Male,29,2n Cycle,Together,7500,4,3,98
3945,Female,67,PhD,Widow,68117,42,3,80
3799,Male,59,Graduation,Married,67225,34,3,4
8625,Female,38,Graduation,Married,17649,13,3,70
3491,Male,39,Graduation,Together,55914,14,3,32
983,Male,30,Graduation,Married,40059,5,3,82
9119,Female,64,Graduation,Together,60905,39,3,27
4786,Female,37,Graduation,Married,75330,12,4,94
5872,Female,63,Graduation,Single,60689,38,2,23
6568,Female,30,Graduation,Married,38680,5,3,97
5628,Female,32,Graduation,Together,61416,,2,25
5631,Male,23,Graduation,Single,49767,,1,92
4974,Male,44,Graduation,Single,83273,19,4,98
8416,Female,33,Graduation,Married,29009,8,3,19
5454,Female,35,Master,Married,45057,10,3,80
4095,Male,43,Graduation,Married,37150,18,3,80
5474,Male,44,Graduation,Single,43020,19,2,79
4268,Female,55,Graduation,Married,53154,30,3,50
10701,Male,41,Graduation,Married,65308,,2,60
3507,Female,44,Graduation,Single,76467,19,2,44
2079,Female,67,2n Cycle,Married,81044,,2,0
626,Female,63,Graduation,Married,32871,38,4,28
4426,Female,39,Graduation,Single,55801,14,3,35
2591,Female,55,Graduation,Widow,76320,30,3,49
10509,Male,59,Master,Single,36927,34,3,46
6382,Male,61,Graduation,Together,48794,36,4,97
6673,Male,49,Graduation,Single,23478,,1,51
7441,Female,41,Graduation,Divorced,71128,16,2,80
1071,Female,38,PhD,Divorced,70179,13,2,10
10061,Male,64,Graduation,Married,59462,39,3,29
7187,Female,45,Master,Together,,20,4,52
8775,Female,45,Graduation,Together,38361,20,3,74
1612,Female,33,PhD,Single,,8,2,82
2345,Male,32,PhD,Together,70038,,2,54
322,Female,36,Graduation,Together,42554,11,4,93
10897,Female,40,Graduation,Married,67445,15,3,63
123,Male,63,Graduation,Widow,67046,38,3,92
6103,Female,66,Graduation,Married,42192,,2,40
7899,Female,62,PhD,Married,77610,37,3,70
10500,Female,30,Graduation,Married,31761,5,3,96
1655,Female,35,Graduation,Together,34350,10,3,81
2406,Male,65,Graduation,Together,54591,40,3,63
2712,Female,58,Graduation,Married,71866,33,3,85
5517,Female,45,Graduation,Married,25293,20,3,51
10643,Male,27,PhD,Single,42000,,1,23
2254,Male,31,Graduation,Married,69520,,2,95
10281,Male,44,Graduation,Divorced,64713,19,2,11
6958,Female,37,Master,Married,27889,12,3,42
954,Female,54,Basic,Widow,22123,,2,77
5079,Male,43,Graduation,Married,,18,4,82
10339,Male,60,Master,Together,,35,3,83
4643,Female,41,Graduation,Married,27803,16,3,40
3117,Female,59,Graduation,Single,,34,2,95
6497,Female,54,Graduation,Married,51651,29,3,32
5396,Male,26,Graduation,Married,68487,,2,48
5250,Female,71,Master,Widow,,,2,75
1052,Female,45,Graduation,Married,56796,20,3,24
2802,Female,22,2n Cycle,Married,87000,,2,61
6343,Male,55,Graduation,Married,79823,30,3,6
6507,Male,34,Graduation,Single,30828,9,2,16
7901,Female,43,Master,Married,34109,18,3,39
4865,Male,40,Master,Divorced,53367,15,3,2
2686,Male,45,Basic,Together,22390,,2,49
3107,Female,38,Graduation,Together,71322,13,3,31
7734,Female,21,Graduation,Absurd,79244,,2,58
1146,Female,65,Master,Together,49912,40,3,5
11031,Male,64,PhD,Married,48699,39,4,90
7428,Male,39,Graduation,Together,80144,,2,47
975,Male,58,Graduation,Single,54252,33,3,25
1103,Male,38,Master,Married,81929,13,3,60
3422,Female,39,Graduation,Married,76068,14,3,67
1055,Male,38,Master,Married,53204,13,4,40
6544,Female,65,PhD,Together,67911,40,3,63
1241,Female,30,2n Cycle,Married,14796,5,3,1
2909,Male,40,PhD,Married,78128,15,3,89
5802,Male,42,Basic,Married,14188,,2,40
1407,Female,28,Basic,Married,20425,3,3,5
6183,Male,52,Master,Married,58646,27,3,3
340,Male,44,Graduation,Divorced,72967,19,2,1
5991,Female,65,Master,Married,48150,40,3,24
3104,Male,53,Graduation,Single,82332,,1,89
9729,Female,59,Graduation,Widow,58275,34,4,48
1008,Female,33,PhD,Together,44953,,2,31
11091,Female,61,Graduation,Together,34587,36,4,68
3969,Male,40,Master,Together,43018,15,3,46
1916,Male,60,Master,Married,45736,35,3,92
9907,Female,45,Master,Together,66476,20,3,80
87,Female,33,2n Cycle,Married,27733,8,3,16
8659,Male,62,PhD,Together,69805,37,3,50
6262,Female,52,Master,Single,72217,,1,93
6147,Male,43,Graduation,Divorced,25818,18,2,51
8832,Male,38,Master,Together,37509,13,3,24
10067,Female,38,2n Cycle,Together,25176,13,4,79
7532,Male,34,Graduation,Married,43586,9,3,26
4915,Female,58,2n Cycle,Married,53230,33,3,86
2115,Male,57,Graduation,Together,50116,32,4,68
2088,Male,42,Graduation,Together,84906,,2,98
2493,Male,48,Graduation,Married,61286,23,3,34
6292,Female,28,PhD,Married,82333,,2,60
1631,Male,49,PhD,Together,65220,,2,3
10104,Female,40,Graduation,Together,33590,15,5,65
3006,Female,38,Graduation,Divorced,30992,13,2,83
3919,Female,38,Master,Single,72309,,1,64
11181,Male,65,PhD,Married,156924,,2,85
642,Female,34,Basic,Married,16005,9,3,69
4369,Male,57,Master,Absurd,65487,,2,48
10127,Male,49,Graduation,Married,58692,24,3,21
271,Female,45,Graduation,Widow,40590,20,4,30
4973,Male,44,Graduation,Single,20587,19,2,39
2948,Female,60,Master,Divorced,62637,35,2,76
2715,Male,48,Master,Divorced,29435,23,3,11
10432,Male,40,Graduation,Divorced,19346,15,2,26
9216,Female,43,Graduation,Married,35788,18,4,34
7124,Male,46,Graduation,Divorced,36997,21,3,72
9727,Female,57,Graduation,Married,23539,,2,13
5136,Female,41,Graduation,Single,65333,16,2,58
9790,Male,57,Graduation,Single,78499,,1,12
1818,Female,43,PhD,Together,29732,18,3,23
1100,Female,54,Master,Together,41275,29,5,33
7873,Female,41,PhD,Together,63516,16,4,30
10609,Male,52,PhD,Married,42769,27,3,15
6950,Female,56,Master,Married,49572,31,4,25
7233,Female,42,Graduation,Married,69209,,2,4
9481,Male,38,Graduation,Married,17148,13,3,80
7699,Male,45,Graduation,Widow,40590,20,4,30
2711,Female,38,Master,Together,30560,13,3,6
8933,Female,31,2n Cycle,Married,32146,6,3,16
8726,Female,50,2n Cycle,Divorced,41713,25,3,57
1515,Female,39,Master,Together,34176,14,3,9
5186,Female,59,PhD,Married,58482,34,3,59
10157,Male,49,Graduation,Single,59686,24,2,78
5667,Male,50,PhD,Married,60896,25,3,90
902,Male,34,Graduation,Together,62994,9,3,74
977,Female,57,Graduation,Together,47320,32,3,10
7313,Male,65,2n Cycle,Widow,74859,,2,63
7600,Female,22,Basic,Single,15253,-3,2,13
9706,Male,40,PhD,Single,31560,15,2,98
2429,Male,60,Graduation,Divorced,72071,35,2,4
3520,Female,24,Master,Single,91172,,1,94
10394,Male,30,Graduation,Married,90000,,2,91
4548,Female,33,Graduation,Single,41967,8,3,66
9362,Male,49,Graduation,Single,69263,24,2,14
3968,Female,44,2n Cycle,Divorced,65706,,1,77
4084,Female,39,Graduation,Together,60934,14,3,41
6721,Male,63,Graduation,Married,71965,38,3,21
2829,Female,59,Graduation,Married,65210,34,3,25
1772,Male,39,PhD,Married,79174,,2,2
1544,Female,47,Master,Divorced,81380,,1,51
492,Male,41,PhD,YOLO,48432,16,3,3
4377,Male,43,Graduation,Married,52914,18,3,32
4541,Female,59,Graduation,Together,38946,34,3,84
1321,Female,40,Graduation,Married,26067,15,3,49
8858,Female,42,PhD,Married,44325,17,3,69
3266,Female,50,Graduation,Married,42523,,2,96
11187,Female,36,Basic,Single,26487,11,2,23
8207,Male,57,2n Cycle,Married,53233,32,3,18
9723,Male,54,Graduation,Married,67716,29,3,8
2666,Male,42,Master,Married,76234,17,3,21
5721,Male,58,PhD,Married,84117,,2,60
10652,Male,57,Master,Together,65487,,2,48
1646,Male,42,Basic,Married,25224,17,3,36
4418,Female,31,Master,Single,89616,,1,36
2656,Male,43,Graduation,Divorced,40851,18,3,63
7990,Male,67,Graduation,Married,27469,,2,2
8722,Male,57,2n Cycle,Married,82347,,2,38
7118,Female,57,Graduation,Married,73803,32,3,61
2980,Female,62,Master,Single,8820,37,3,52
1839,Female,40,Graduation,Single,43322,,1,25
10722,Male,41,Graduation,Together,55593,16,3,63
2632,Female,60,Graduation,Married,50501,35,4,10
9014,Female,39,Graduation,Married,37085,14,4,65
7620,Male,24,Basic,Single,16185,-1,2,71
10968,Female,45,Graduation,Single,57731,20,2,0
11133,Female,41,PhD,YOLO,48432,16,3,3
2736,Female,36,Graduation,Married,73807,11,3,88
1876,Male,24,Graduation,Married,18929,,2,15
5959,Male,46,Graduation,Single,35893,21,3,80
1092,Female,34,Graduation,Married,61014,9,3,17
4333,Male,60,Graduation,Together,32144,35,4,76
3850,Female,51,Basic,Together,14918,26,3,52
6168,Male,51,Graduation,Divorced,45146,26,3,28
607,Male,59,2n Cycle,Divorced,41769,34,2,31
10469,Male,33,Graduation,Together,88325,,2,42
6983,Female,64,Master,Divorced,38054,39,3,24
3661,Male,19,2n Cycle,Single,80617,,1,42
9303,Male,38,Graduation,Married,5305,13,3,12
692,Female,60,Graduation,Together,36807,35,4,88
736,Male,31,Graduation,Together,28427,6,3,67
9589,Female,66,PhD,Widow,82032,,2,54
4838,Male,36,Graduation,Together,22775,11,3,40
9246,Female,29,Master,Together,40101,4,3,73
6261,Male,35,Graduation,Married,58025,10,3,81
7366,Female,32,Master,Single,75777,,1,12
10659,Female,35,2n Cycle,Together,7500,10,3,7
1448,Female,51,Master,Married,33562,26,5,33
4286,Female,44,PhD,Single,57642,19,2,24
4749,Female,46,Graduation,Together,58554,21,4,55
4478,Female,35,Graduation,Married,63777,10,4,87
4201,Male,52,Graduation,Single,57967,27,2,39
8720,Female,36,2n Cycle,Together,,,2,53
10084,Female,42,Graduation,Married,24434,17,4,9
7004,Male,30,Graduation,Single,11012,5,2,82
9817,Female,44,Master,Single,44802,,1,71
8080,Male,28,Graduation,Single,26816,,1,50
9432,Male,37,Graduation,Together,666666,12,3,23
8372,Male,40,Graduation,Married,34421,15,3,81
10870,Male,47,Graduation,Married,61223,22,3,46
4001,Male,68,PhD,Together,64014,43,5,56
7270,Female,33,Graduation,Divorced,56981,,1,91
8235,Female,58,Master,Together,69245,33,3,8
9405,Female,60,PhD,Married,52869,35,4,40
